userName,name,password,deviceName1,deviceId1,deviceName2,deviceId2
dasser0,Dorry Asser,Hv0FelXJ,ipsum primis,6780158143,tincidunt lacus,1774226820
jwalsh1,Jakob Walsh,2wNo7vrE,lorem id,4624139607,arcu,1116615193
msibery2,Marlo Sibery,98pXUeIk,quis turpis,2579393005,in,6941543078
dbradburn3,Dare Bradburn,4JrQLbR7,molestie,8444770981,accumsan odio,2992186333
tfishburn4,Tymon Fishburn,ITtFj6Wb,massa id,8997388665,ante nulla,6123016997
vthorley5,Vania Thorley,oB3H7fHK,velit,7045701314,nunc viverra,0085948349
ctillyer6,Cherish Tillyer,2Av64c3X,in blandit,7926663441,ac neque,8408561618
salvy7,Shirley Alvy,HBV5umsU,etiam,6553861897,ut tellus,9710940236
apuddifer8,Adriena Puddifer,Ze3FEyBh,aliquam sit,0099980487,ut,7318428217
ekertess9,Elwood Kertess,Hjri5lB9,vestibulum,8291303622,metus vitae,0477585671
estaleya,Erinn Staley,C9o4CEDO,tincidunt,1020621893,dignissim,8508289227
mgodbaldb,Micheal Godbald,ZbXdg67A,molestie lorem,7164789487,penatibus et,6859265736
jiddinsc,Joel Iddins,Int2xvSP,mus etiam,9222297059,integer non,0061823023
sriegerd,Shae Rieger,jhweMZ4x,eleifend quam,3521070492,amet,9767117032
epigerame,Emery Pigeram,6aVuu0eO,rutrum neque,9345457305,id massa,1334985871
psoggeef,Pepito Soggee,ddKQi0Ay,sit,5342647061,habitasse platea,6712404185
chitzschkeg,Corenda Hitzschke,MPcii1qg,donec,6234820875,lorem,5482969150
gdurbannh,Gena Durbann,uOJh9uuE,nisl,2516673493,adipiscing,1907091386
lmathweni,Leyla Mathwen,SyD18DcY,tincidunt,0654956898,nisl,0003060276
hverbruggenj,Harriott Verbruggen,KER0AW5e,tristique est,8713639528,faucibus orci,8379652835
chasterk,Court Haster,5Og7yP9i,augue,5267564923,iaculis,3481857772
dburdfieldl,Daryn Burdfield,CyS6aM0W,nulla,6747892135,morbi,9081360264
jtuppenym,Jackelyn Tuppeny,my9TqHjH,augue,4309153828,elementum pellentesque,1877175587
abruckshawn,Addy Bruckshaw,8sKSjon2,tortor,7823589249,pede justo,7285950475
kcosteo,Kale Coste,ZAo5o7K4,mauris,1033656941,ante,5786428184
jdevinp,Julissa Devin,XDKew29f,morbi,9944201170,cubilia curae,3286431818
zheymannq,Zackariah Heymann,G1kEx9kW,sapien non,1551166127,justo,8511087958
npolakr,Noby Polak,BtlH08ZK,imperdiet nullam,4663369367,dictumst maecenas,6796828194
jvons,Jeremie Von Gladbach,Vxb3UFCN,ligula,7955239121,platea dictumst,0448962071
wespinat,Willa Espina,zWV0QZeJ,dui proin,7962880090,maecenas,3598939000
cchapeu,Carolann Chape,tD4m2CO0,arcu,9635228538,cursus vestibulum,2639935283
vretallickv,Vito Retallick,WS5JwCFo,blandit lacinia,1705202438,integer,5273612365
hfischerw,Hattie Fischer,M0x7hk60,sapien,8993463964,rhoncus mauris,2809372136
rjoskax,Rae Joska,C3Bpa7If,tortor sollicitudin,4701438707,sapien,7578573853
cperottiy,Candie Perotti,VqEtUU96,nibh,3958957323,congue,7283751106
cnewberryz,Clemmy Newberry,or0OLfPZ,at nulla,9237332238,vestibulum sagittis,1437423884
kmawdsley10,Kathryn Mawdsley,8mWKQr7b,ultrices aliquet,2577156022,ultrices,2670825702
abalchen11,Arluene Balchen,7Ck4OPIt,pulvinar sed,6015845562,libero,1048956776
mjakubovics12,Marylinda Jakubovics,ieRdMpv4,ut erat,1623370566,duis,0879747005
gsoppett13,Germayne Soppett,S4eIptyM,tincidunt eu,7476006887,metus,2493207904
pyemm14,Pru Yemm,eppITNO1,venenatis,5208652846,interdum,3950578870
fbrydone15,Fayette Brydone,0fBKFf6q,odio curabitur,4862537855,in,7492156081
rpevsner16,Ruperto Pevsner,7aKu0yUZ,molestie,8329029549,quisque,8134320589
hogan17,Hastie Ogan,Oryy4m4f,sed vestibulum,1635017203,sollicitudin,1819703126
csherwin18,Cody Sherwin,r8Xv8oD4,ut,2153539056,ridiculus,2632608139
lguilayn19,Leilah Guilayn,p6t1e5PG,ut,9380069227,eu interdum,7965423472
rheaney1a,Robina Heaney`,j0nYxE9P,nullam,5232037668,nam ultrices,6761408075
cbony1b,Cly Bony,9h0UK6lY,gravida nisi,1726883418,amet diam,0872103854
klahrs1c,Kerri Lahrs,zoIru34h,posuere cubilia,3830234635,scelerisque,1915872332
rfranzolini1d,Regine Franzolini,4Yg7OcZy,vehicula condimentum,9009649555,ipsum primis,4328791834
cskyrme1e,Chelsea Skyrme,T5KRc187,ipsum,1928243282,ipsum primis,7089895947
avedenyakin1f,Avigdor Vedenyakin,V9grl87W,ligula pellentesque,6265930982,eu,8401583500
akeppin1g,Angele Keppin,VtYk8PI9,luctus,2599284732,dolor vel,7512261438
strubshawe1h,Shelley Trubshawe,fuXoW7U4,diam,6408532551,adipiscing elit,8419218065
irankcom1i,Isadore Rankcom,0zt8xEC6,nunc viverra,4519669340,eu,7138594283
atelford1j,Aubert Telford,tSVY0hVO,semper interdum,3446529233,turpis elementum,6727616116
btilney1k,Babita Tilney,Cb6q1gBD,sed ante,8387760137,venenatis,6020031713
saudry1l,Sarette Audry,PTq27N57,iaculis justo,3635261904,a feugiat,0702265241
dbouts1m,Deana Bouts,Mh2e92Ye,morbi odio,3281866239,at,0729677109
tsainsberry1n,Taffy Sainsberry,3sxBZq8S,donec,2510752138,commodo vulputate,9701804570
rteare1o,Rosaline Teare,BWm4BTsB,nam,0314275150,magnis dis,4629631143
bgreenlies1p,Bobbette Greenlies,UJ216mFZ,ligula vehicula,2937076629,vitae,9973420438
icaberas1q,Issie Caberas,0qt76Vm4,aenean sit,6557265687,pulvinar,8526051644
mrowsel1r,Midge Rowsel,3OLxNTUh,interdum eu,9066895896,habitasse,0997869550
fmartinovsky1s,Florri Martinovsky,Mlrn4x4d,vestibulum,2074546246,ac,3007699975
gdawtre1t,Gussi Dawtre,Gg0ZDezU,nascetur ridiculus,6913295510,venenatis,6864095975
ljoiner1u,Lacee Joiner,ftRk0tJe,sed ante,2516691777,integer pede,3736800371
aoconnor1v,Aldo O'Connor,D1floWZl,lacus morbi,2257825454,lacus,6384833794
rohogertie1w,Reynard O'Hogertie,mu25aeEH,id,2047120691,velit nec,8600737745
yparnby1x,Yale Parnby,w9ve7EXX,eget massa,7606611408,consequat,5239702675
sjedrzaszkiewicz1y,Stephie Jedrzaszkiewicz,mnLFa0NQ,vestibulum,0764474448,nullam varius,5457313204
imulleary1z,Isabelle Mulleary,PHqbdlC5,lorem quisque,8992340214,erat,9678776219
dstrugnell20,Danny Strugnell,i0sHOriY,id,6115542839,lacus,0092989322
wmcness21,Winfred McNess,Yelv1uLs,rhoncus,4288048494,leo,9720679549
eathey22,Eberto Athey,ko2kVLf2,mi sit,2656860393,volutpat,8577058018
mrabbitt23,Moe Rabbitt,pUiZOWC5,vestibulum sagittis,3850432823,quisque,5197876220
klowmass24,Kingston Lowmass,p4GzAc9J,eget vulputate,9592902593,aliquet massa,0228930235
rrenoden25,Rene Renoden,VenaB8xS,dui,4381782585,leo rhoncus,6745289792
wiggulden26,Woodman Iggulden,8qOYeHj5,id mauris,2534451170,semper,3000968253
sgilkes27,Sheba Gilkes,y1TR2mR3,eget nunc,6744360612,vulputate,9268260638
rliverock28,Rose Liverock,8YtD9DYA,nulla,6687343726,quis odio,2740043376
mkrzysztofiak29,Magdaia Krzysztofiak,Ws9NR2r4,leo,4599717576,eget,0886106877
wariss2a,Wes Ariss,54b3E3Vy,nunc donec,2857765401,ipsum primis,9125790110
nflecknoe2b,Niki Flecknoe,3hUlVGCd,viverra pede,0365194212,elementum eu,2645535216
rmatura2c,Reed Matura,sMYqEP2y,quam,5196469540,ornare,1860026958
egarretson2d,Elsworth Garretson,Y7cifKJK,ut,4503155865,sed ante,4913612751
wvan2e,Wade Van der Linde,5tzSNF1X,mus,9894429017,eget tempus,4327863130
dgrinvalds2f,Devlin Grinvalds,AoQhk8oQ,ultrices posuere,7611874454,consequat,6439357085
lgatesman2g,Lefty Gatesman,39KPdqGv,pharetra magna,1095997254,nibh in,0519788680
jattestone2h,Jefferey Atte-Stone,8n1vkHJw,id,1311472835,vestibulum aliquet,1030623260
erubinek2i,Evonne Rubinek,7zSTrP95,odio,7999181331,quam sapien,0128551429
rmacallen2j,Rube MacAllen,f3emKoMT,elementum in,9829242277,duis,2852325713
lcuzen2k,Laverne Cuzen,zM0cyijS,sem duis,4818392499,volutpat,4017441335
ldivis2l,Leigh Divis,lhCODTy9,pellentesque viverra,9110152024,rutrum,3227665956
asutehall2m,Anny Sutehall,m8Htm8Al,penatibus et,2623943249,posuere cubilia,9132876122
mscini2n,Micheil Scini,Q8nBi8GV,aliquet massa,9712905292,duis,6391068453
dcordaroy2o,Desiri Cordaroy,1BUUckZA,a,7906558669,sapien placerat,7721731674
jottewell2p,Josie Ottewell,b46gTYIQ,sed,2754519130,duis faucibus,7487122018
dforrestill2q,Dennie Forrestill,0iUb8nKp,erat tortor,3732313727,eget,8764662292
epuden2r,Elsie Puden,4Kr7hOLs,turpis,6696144382,fusce,9918511540
cauchinleck2s,Chilton Auchinleck,ROBlU8qK,id sapien,0498508080,convallis tortor,4839308187
nfeltham2t,Naomi Feltham,v8t7z5FD,pellentesque viverra,7618104220,in felis,3356862200
ggerhartz2u,Gray Gerhartz,l4KpesHD,nulla,7539934379,posuere felis,4757555148
dmartins2v,Domingo Martins,MiRTs2yC,nunc vestibulum,8707258291,lacinia,8318364643
calflatt2w,Cirilo Alflatt,VEvvd0Kw,venenatis,3305566108,pharetra,1762125439
fbarthrop2x,Franny Barthrop,YC5hImZP,erat eros,8658285081,semper,1633104141
adoyley2y,Adore D'Oyley,7n8HfFKQ,donec ut,8143026396,volutpat,7149845959
fbriereton2z,Francene Briereton,D3ciMfPj,in tempor,1474898696,in,3457201072
emegarry30,Erinn Megarry,Mof00qoY,non quam,4988013049,elit,3766169610
rmignot31,Raina Mignot,2wN60qsO,tempus,9063911238,aliquet,5663024042
kmoyne32,Kyla Moyne,PGvZWNA1,ac lobortis,7431356064,augue quam,6876884031
msebert33,Murial Sebert,d3Hrt42Z,eget rutrum,4348862656,non velit,6930502294
nhanbidge34,Niki Hanbidge,7hZqv2Is,eget,8798086774,tempor,0274740737
lraynor35,Loralie Raynor,USZZ6rYP,amet eros,8405545093,ante nulla,8877948884
ksedgeworth36,Kriste Sedgeworth,gD6jdR1Z,erat,4023365106,commodo placerat,2688625713
rloren37,Rafe Loren,DIq0Cr2D,felis ut,9244971143,sit amet,9012686857
amackstead38,Andreas Mackstead,3TLClKdD,rhoncus sed,9150735187,maecenas rhoncus,9615453447
gbrickett39,Gifford Brickett,Pa2goOC7,aliquam sit,9184369884,magna,2987889356
sibbs3a,Stesha Ibbs,HttN8Uty,suspendisse potenti,1603530045,nisl,8672120892
bblaxland3b,Bride Blaxland,4KXx23s8,et,1330679962,orci vehicula,1251575412
dfarriar3c,Daisey Farriar,VDSx9hoU,nisl venenatis,5280309885,at vulputate,2534230549
cmarvel3d,Clare Marvel,DpuRmI8p,sem,9457918347,tincidunt eu,0060179023
wokelly3e,Winona O'Kelly,W95kVxSr,orci luctus,0510382487,justo,4037960591
hclamp3f,Helaina Clamp,CUnKFB8E,curabitur,8151236787,odio,2119326460
tkingswood3g,Trudy Kingswood,CRzu26rW,tellus nisi,8169222443,molestie,5255752908
btapenden3h,Bel Tapenden,krmH8sKz,parturient montes,9606670805,tortor,1898915474
wbroadberrie3i,Wilmer Broadberrie,NtbiId40,consequat,7558771501,nibh,2886095907
cleighfield3j,Cass Leighfield,Ph4PiJW1,mattis odio,8585205636,ultrices libero,8017997213
rbullers3k,Rosene Bullers,EP0oeonM,eu,7431957106,libero,8043427097
abelle3l,Augy Belle,iOV8RLq7,velit donec,9242866040,nec,5541296358
rsokell3m,Ray Sokell,rWfF97Rc,duis,0802458963,nulla,6778749091
kkilty3n,Kristien Kilty,p3I6pZ9j,et magnis,7105782161,proin,2155941870
cjewise3o,Charyl Jewise,Iq4FlGNw,orci luctus,4467648658,turpis integer,0423222511
vkenchington3p,Verene Kenchington,Qm0fW1uU,sed augue,7716359363,sapien a,6387954878
bpinn3q,Burlie Pinn,Da3q17vq,praesent blandit,0722119666,posuere cubilia,5097252306
ckowal3r,Carleton Kowal,die7iIQE,venenatis lacinia,5401812647,luctus,3578535931
ptreadgold3s,Pippo Treadgold,bIotj3FO,ut nunc,8456470864,donec,3857073977
rarchley3t,Roscoe Archley,RIRp2d5Z,blandit,3506938584,sapien placerat,0729917673
dleipold3u,Daven Leipold,PcpQic48,vestibulum vestibulum,9384312886,maecenas tristique,2642000834
lcrannis3v,Lonee Crannis,U57JaMBE,mi nulla,8735872225,justo morbi,8205699046
shesbrook3w,Shepherd Hesbrook,2qQOIj2H,vel,0057783810,aliquam lacus,6205152088
rriha3x,Rollins Riha,Ur1gzyg3,elit sodales,9333069305,ante,4865847820
hclaybourn3y,Heida Claybourn,NIyRvF1T,dictumst morbi,1569928371,curabitur convallis,1580642020
elorenzini3z,Eimile Lorenzini,Snnwf131,sed,4771085536,consequat varius,2235113575
hosant40,Horst Osant,mp6JDvVF,viverra pede,5459825903,lobortis,1300003022
ywheelwright41,Yasmeen Wheelwright,5BRe6aIs,habitasse platea,0854779728,auctor,6813724584
dstainfield42,Denni Stainfield,PVr8C8iI,vestibulum,0452299683,ac,8792015867
ashambrooke43,Abbey Shambrooke,kFrt8I0T,sapien,7172226925,id nisl,7172904125
cpaskell44,Cacilie Paskell,ia40ZFRv,pulvinar sed,7117585323,erat tortor,1590528085
dbuckthorpe45,Dyanna Buckthorpe,Rap0RT8Z,mollis molestie,3997671451,duis,8168924789
nghidotti46,Nettle Ghidotti,9jtVXmn1,sed vel,2197566849,quam sapien,3119108952
dkrauze47,Dell Krauze,y2ebFDA4,volutpat,9318958587,justo,1077419600
rdeboick48,Ramsay Deboick,Olo4C3UK,ac nulla,7390839708,id nisl,9833031706
itrethowan49,Irwinn Trethowan,SGEmgk2t,lacus curabitur,2686671238,vel,0677518358
oberks4a,Orella Berks,WrO54h5c,platea,8427134657,magna,1675914591
bholstein4b,Brenn Holstein,YBuJhr7e,venenatis non,5475200475,augue luctus,5278223847
bpenk4c,Belicia Penk,HHdYEI7b,dui,6608497032,proin,1395847789
gewings4d,Gracia Ewings,15VBcPmv,leo odio,5676360577,praesent,3530848301
vcollinge4e,Vania Collinge,22Q7wjZm,ut,1090968647,aliquam,6277911945
evon4f,Ezechiel Von Welden,cRZYCjS6,orci nullam,2335703722,vestibulum,5971540130
ovan4g,Olympie Van der Velden,NQc3fu3x,quisque arcu,7594384903,sem fusce,2778721975
bcherryman4h,Brigg Cherryman,hXKhmb8r,vestibulum eget,4342187507,arcu sed,0138668744
szapatero4i,Sascha Zapatero,TmOVQ2Yt,nulla nisl,0077400313,massa,0099684705
dturbern4j,Dwight Turbern,1FynZJZs,semper rutrum,6846315756,scelerisque quam,2365428959
gdiment4k,Geralda Diment,tTgQ2sTL,sed,2408265681,pellentesque eget,3854153856
wrobley4l,Wald Robley,g610FPoy,elementum,8550026409,magna at,5617963570
tbogart4m,Thom Bogart,J9ZlYQ9n,nascetur ridiculus,1210989778,duis,5457484858
osignore4n,Obediah Signore,gp9d1cF9,mauris,8667745014,bibendum,6949076231
lmccusker4o,Les McCusker,EAo0lqK3,lectus vestibulum,4331128814,tellus nisi,5162698067
sberks4p,Shanda Berks,Ykh0G4pc,tincidunt,6681495621,quisque ut,8577822834
dpeak4q,Deni Peak,kV1uMqQM,suspendisse ornare,1351438638,felis,5259462505
lchasteney4r,Lovell Chasteney,zH2kL3R2,diam id,9638385669,sem mauris,0100084710
bcosley4s,Barnie Cosley,Z9OqWwmP,luctus cum,9117817072,donec,4433810177
vpruce4t,Valentine Pruce,pr7aKEaf,vulputate,0070578052,lectus,5096793125
ealpin4u,Eloisa Alpin,Xom2u6eS,sapien,0045562644,pellentesque quisque,7826009588
mphateplace4v,Mariya Phateplace,8Vi9ETro,aliquam quis,1633065839,ultrices aliquet,1992241341
adearnaly4w,Annie Dearnaly,Yi68ynWY,nisl,6796756983,duis bibendum,2322010022
aohalligan4x,Aldric O'Halligan,O8hjZFLW,sodales,1850237417,semper porta,3915124621
jfairleigh4y,Johnna Fairleigh,3HTCDb00,maecenas tristique,1794021264,nibh quisque,2653317982
rclee4z,Rollin Clee,cOk2kFFh,aenean fermentum,8137512470,ante,3330025972
tfawloe50,Tommy Fawloe,9HeQYtFS,in,2567582681,feugiat,6283295347
kpolkinghorne51,Kalli Polkinghorne,OE0Y20ju,enim,8055220395,mauris,5090223505
nburberry52,Nataniel Burberry,pWVoT7H2,vivamus,5337715631,molestie sed,1558801626
pshearmer53,Pammie Shearmer,JO5q6xeH,in,3394538695,suspendisse potenti,2394628839
cbahlmann54,Corbie Bahlmann,U1htBNVr,tempus,2834851026,nulla tempus,0934577129
mbrettel55,Meade Brettel,a8xmVblk,lobortis,7307373742,nulla quisque,8146428444
wthowless56,Wesley Thowless,0Ego6BEG,vulputate,0013777408,eu felis,1076572170
ggalvin57,Griff Galvin,HLQju1Kj,nisi volutpat,5634499100,eu,2056005816
alongmate58,Alano Longmate,AHc6uoBh,leo,8745508089,congue eget,9563877799
lkleinberer59,Launce Kleinberer,upKRbC0w,dis parturient,6780435368,ut,9096389395
pbrando5a,Pam Brando,6nxivoFt,nunc,8641821864,varius integer,5779705216
dbroseman5b,Donia Broseman,JezNZ2gJ,in hac,7956672066,non,1604946466
kjerman5c,Kenneth Jerman,hO442mhT,bibendum,9845936326,magnis dis,4454680647
chamfleet5d,Clive Hamfleet,37yNFG9w,scelerisque,5403252541,vestibulum,0698028538
aborris5e,Alessandra Borris,XYe2hX0I,convallis,7947429995,ac,8128969919
jclewett5f,Jasen Clewett,wXq6GjKD,et,0520939336,nullam,2317706316
gjakubovits5g,Geno Jakubovits,PwVv8bt1,ligula,6499993905,nulla sed,2398458210
sbewley5h,Sher Bewley,Xiwirtd3,eros elementum,6038719032,ut odio,6888708047
sdjorvic5i,Shandee Djorvic,4qepXBtz,aliquet,9434142180,integer pede,0448048493
rwinchurch5j,Roseanna Winchurch,4IkXGQN5,tempus,6287428791,lacus,7609421685
lwingate5k,Lola Wingate,V2HSd7cx,nulla,5506315856,pede lobortis,2775073123
sdumbelton5l,Sibelle Dumbelton,Iapui00E,blandit,6030405543,vel sem,8347196443
mblockley5m,Muffin Blockley,t2BSU8Ug,fusce,5219312634,vel ipsum,2519137878
nlovelady5n,Nathan Lovelady,4Xfq66Oz,tristique,2145691170,ut,3873304759
wgasson5o,Winslow Gasson,a5KS2dlP,pretium quis,4675530656,luctus et,4888271577
kde5p,Kienan de Courcy,4ylYmxzR,blandit non,5757506245,elementum,4921115834
mklimentyonok5q,Marj Klimentyonok,koA2GX9b,ante ipsum,4832079603,lorem,1450219152
itarpey5r,Ive Tarpey,mi4m0mHm,sapien,2479220141,vestibulum ante,3335172108
glighten5s,Georges Lighten,J178qhBj,maecenas,5135113983,habitasse,3760499171
sbiesterfeld5t,Sadye Biesterfeld,Nruqh6qZ,dictumst,9850641266,odio,9656455509
rcarwithan5u,Rufus Carwithan,PVViky5N,turpis elementum,6284255535,metus,4187099700
ewhittingham5v,Eugenie Whittingham,1BXpF8oZ,ut,7723617372,donec,4474613856
esokill5w,Emilia Sokill,qbF672cd,aliquam erat,9750975367,primis,7138597525
rmciver5x,Rennie McIver,iFP2n8GK,ut,9789664532,mi in,1322178070
pvannucci5y,Pippy Vannucci,UKWnhyO7,odio elementum,0707403480,ac,6345910252
jbacchus5z,Jabez Bacchus,9z9uLXcV,ut massa,4097033689,adipiscing molestie,8023322613
dausten60,Daffy Austen,B79FyrrB,potenti,4120146650,rhoncus aliquet,8020808396
bstarie61,Brana Starie,9f6jjjLk,metus,3548979742,ut,3366104880
nmonteith62,Nadine Monteith,OPh3lHA1,nec,9975409210,quam pede,9227645489
chearns63,Constantine Hearns,pQDQh9Vg,ipsum primis,2076220437,neque vestibulum,8718590411
cgreetland64,Christoph Greetland,TS6ff7J9,ultrices posuere,0516600931,donec,2405958155
mcallan65,Madge Callan,mR1VKpE8,cras in,8355274830,in sapien,1617797103
bdemead66,Bastien Demead,ovHNzJk0,ultrices posuere,6206357171,at feugiat,4814171862
dkeher67,Doria Keher,2HlkxsjM,ultrices enim,8343108361,in imperdiet,1279940905
tbarstock68,Turner Barstock,ZLUP0p3p,mauris sit,6089032662,nulla nunc,4557308368
cdolan69,Claudine Dolan,Kn1k75A1,luctus,2627271466,viverra dapibus,2287567070
aperllman6a,Anders Perllman,AK9mdQ9m,nec,3833289333,habitasse platea,7477912806
apetrol6b,Ainsley Petrol,4TgD9cXS,donec,7525012016,sapien,7530953230
gboatswain6c,Gilbertine Boatswain,Qq9VmCKi,massa,3266269640,pellentesque ultrices,6923994276
eselbie6d,Elke Selbie,jm6Sk7On,vitae nisl,3522441249,dis parturient,1003390714
whartzog6e,Weidar Hartzog,n05yKFxX,at,9904746184,dolor,4270742410
obowstead6f,Orlan Bowstead,BPoSp9mz,erat,0792985877,curae nulla,9251710309
mhabert6g,Marissa Habert,ukQVSDn6,vivamus in,0308797779,velit,4867192910
hwalkden6h,Harman Walkden,CFm4VY19,integer ac,7738617950,tortor sollicitudin,5036242963
mbazoche6i,Madison Bazoche,2ETsmJ9D,scelerisque,5128678989,nam,1004195761
qfinlason6j,Quinn Finlason,2ToV9WO1,eu,2579885935,ante,5355560768
scaldecutt6k,Skelly Caldecutt,KNftk12U,purus,0784592187,bibendum,3002707120
asolley6l,Abran Solley,jGLApIq3,nascetur,7887518296,tristique tortor,5853425668
jsweeting6m,Justinn Sweeting,6EpjpL7U,quis odio,8665797394,eget,8130723018
pbaukham6n,Price Baukham,gYG4ahOj,nisl duis,6774913598,nullam orci,4468447400
crudloff6o,Christoper Rudloff,I3o2vT2J,donec ut,8093425950,pharetra magna,6366344183
cmillyard6p,Constantine Millyard,kcKhb9ZN,ultrices,2801618233,turpis,3328018042
mevangelinos6q,Misti Evangelinos,PqC97XLp,bibendum,5403871713,erat,6308529982
lyurkevich6r,Leonardo Yurkevich,DDi7PnBK,sit,0296081574,odio,6992435124
klebang6s,Kory Lebang,yraN1iZ2,mi,7712252793,massa id,1044276649
ldullingham6t,Lev Dullingham,DE9imq4Y,amet,5387230151,potenti cras,9332963584
ananninini6u,Angel Nanninini,6NABbJ1F,tellus semper,2834510512,risus semper,5670406850
woxton6v,Wallie Oxton,PhhT7FBn,faucibus orci,4015685792,aliquam sit,6916832185
mwhitwell6w,Mace Whitwell,LDL6sPOU,interdum eu,0108332594,accumsan,3471478345
splanque6x,Shep Planque,uKyYaCT7,pellentesque volutpat,4390515195,tempus,7279282806
gheadey6y,Godiva Headey,r37RypQO,elit,3386730981,odio odio,1395705364
cfuggles6z,Cristy Fuggles,TXjS21bX,mi,6891336082,nulla,4913368370
kgeri70,Korey Geri,Hf6C4yZC,ante,3702650261,ridiculus,6784096479
mkingaby71,Mendel Kingaby,CPgFT6rT,iaculis diam,7176701784,nisl nunc,8448241134
dcurd72,Devondra Curd,Sm1TsLR7,velit vivamus,1690802235,dapibus,4460051478
fweighell73,Forbes Weighell,cOxL7Xa8,id,1402369727,blandit ultrices,8428566119
gmarti74,Glen Marti,PInver00,curabitur at,3625420155,mattis,4539881485
fkenna75,Faber Kenna,Ym36vi9Q,nisl,4422482572,nisl,0997315601
ksalmon76,Katharyn Salmon,uAA8OnC0,pellentesque ultrices,1280226064,vulputate vitae,4919142048
dpartener77,Derrick Partener,Vjdx8T6o,convallis nulla,4172412335,magna,2283408288
jjouanot78,Jeramey Jouanot,7PKnfScS,at turpis,4046799420,velit,6258971040
gabrahim79,Gracie Abrahim,5EpFBaAt,felis fusce,4047513458,amet sapien,0189381728
aalkin7a,Alicea Alkin,7v4qWED3,curae,9812825800,semper,3911351208
dhousecraft7b,Demetria Housecraft,BeQzi84E,et,4319238230,nulla dapibus,6837559680
fgrangier7c,Filip Grangier,k0YyzuLJ,placerat ante,7596258417,odio justo,3788725877
bbuckles7d,Brandon Buckles,iXAqeA8e,quis,8980379757,in faucibus,4552524151
iclaeskens7e,Ivett Claeskens,xP3qi6Wh,ipsum,1302675664,nulla tempus,2585423166
vtry7f,Vanda Try,Q2bjtYJT,tortor,8327314807,vel,1812003803
gberrycloth7g,Grantley Berrycloth,N3zbKmTZ,accumsan odio,4158534100,varius ut,2166645747
ebirkett7h,Elinore Birkett,uYfh6kyD,integer,1473108578,turpis,4210718025
hwestbury7i,Hattie Westbury,0jHpp4oK,faucibus cursus,4015136837,vitae,0619443391
araiman7j,Astra Raiman,30QltqN6,blandit,1412407036,amet nulla,7221538972
jgazzard7k,Julio Gazzard,ot8w7sP7,potenti,9394629785,magna,2391983778
cpenwarden7l,Costanza Penwarden,b2EKJlwr,donec ut,8380214404,cursus,4560959625
mrymer7m,Maris Rymer,DPPDyy50,tempor turpis,9962260337,erat vestibulum,5870630347
mgrinston7n,Mose Grinston,aZld0jkg,posuere,8376622110,lobortis sapien,8803957596
rmcfadin7o,Roy McFadin,vOLFQg1i,nec,2149540908,neque aenean,8498213622
xquilkin7p,Xever Quilkin,o3nNGQ8g,convallis,5834669085,mi pede,2637040548
ryanez7q,Ruth Yanez,Mq6JOec4,varius integer,5082781731,eu,5287155972
hmackellar7r,Hobard MacKellar,GMYJoM7j,velit,3933751128,ante ipsum,8612026695
tworman7s,Tersina Worman,akRFlm59,et tempus,8793158327,nec,9340159977
mrawkesby7t,Millie Rawkesby,VfqRsS2d,non,8361128786,accumsan tellus,9984352609
gfidge7u,Gill Fidge,XfR2kTPh,sem fusce,5762944166,lobortis ligula,8162546421
tclowes7v,Thaddus Clowes,164NpsDI,ultrices posuere,5495536754,nulla sed,8838707758
wdochon7w,Willow Dochon,r8tQHkG4,tristique,8567476232,condimentum,9893845297
kmulhall7x,Kate Mulhall,Omz9DCUh,platea,5101953733,aliquet at,2815098199
bdominetti7y,Bridget Dominetti,01O0rOXL,odio,3327467668,nonummy,9299060576
kalexandersson7z,Kerrin Alexandersson,os4JhEvF,donec posuere,3075538612,purus,9960175529
ajepensen80,Alejoa Jepensen,DAtV21WV,tincidunt,6841985117,ipsum,1646336941
smaccleod81,Sumner MacCleod,Mk1b2nJF,rhoncus dui,2867623367,enim lorem,0608947954
eacaster82,Elnar Acaster,u82VDq5N,mattis nibh,3411844825,elit proin,9224490077
bgiorgielli83,Brigg Giorgielli,anb3D54T,justo,7833377104,nec,7918094476
fgladwin84,Frances Gladwin,Tbj5mD8L,sem,5576314905,risus,1679879480
lmoir85,Lazarus Moir,hTh7y6rT,vivamus vestibulum,6677754669,quam,0740401300
belvy86,Brittney Elvy,7CGswZJk,mus,9217505765,varius nulla,9537373363
dannand87,Delmor Annand,Dvdn1zcG,rhoncus aliquam,1346673519,erat vestibulum,9926663273
meshmade88,Misty Eshmade,90eOnBVW,venenatis turpis,8284853914,ac enim,2584611872
pmochar89,Paxon Mochar,9oQB3sXE,ligula vehicula,4866948094,pellentesque,4098025531
rkey8a,Raina Key,KiwYn6Jq,pede,4014676765,ac tellus,9608190827
rratcliff8b,Randie Ratcliff,Ec2BQck3,mauris eget,0329737031,nulla,2389805663
sliell8c,Stacey Liell,Pai7iX7g,maecenas tristique,7036901691,nulla,1841427217
mgyse8d,Murdock Gyse,CaiXS7NT,in sagittis,3884296132,mi,4142302884
ccornfield8e,Caitrin Cornfield,0riaWVAm,sapien,7113177646,rutrum ac,5668967913
jcrosland8f,Janis Crosland,BMlo8hUO,varius integer,7321515354,libero quis,8543474450
ggoor8g,Guthry Goor,ZpAi0Jb9,vel,8541446514,mi,2396860097
wplose8h,Wilma Plose,u3gLRxNB,erat,8434086387,semper,1983737038
ldenacamp8i,Laney Denacamp,A7HZ9cwR,lectus pellentesque,0925208213,non,1510230173
sgrebner8j,Suellen Grebner,sERlVUw8,vel accumsan,1370031645,donec ut,6577568030
yhowes8k,Yolane Howes,Pw7Hq3ok,eget massa,8714063239,in,6921770613
kcroley8l,Kenn Croley,7Tv7amEP,accumsan odio,5146297649,etiam justo,1099539943
dpristnor8m,Damian Pristnor,KYz0wg2I,quam,5946340336,massa volutpat,3570259935
tflecknell8n,Toddie Flecknell,Q7tm12TU,eros,0050173006,venenatis non,5630997734
gworms8o,Gibb Worms,GAjG48yy,justo lacinia,6242521954,habitasse,0558089364
cbrandom8p,Clim Brandom,kOT6Fqzf,montes,3262401781,sed,1444486799
rcary8q,Raeann Cary,SAhrh6zv,rutrum nulla,7041651185,ultrices posuere,3329391332
rhosby8r,Rona Hosby,qyEcE0mM,dignissim vestibulum,9109355456,proin,4386613560
soldroyde8s,Sim Oldroyde,Kv2yDwZk,quam,8848117104,massa,6868208790
kwelling8t,Kalvin Welling,Z34mQ6o9,justo maecenas,0166969389,faucibus orci,6918267868
moxtiby8u,Madelena Oxtiby,3qx8EfiZ,massa,7852308430,etiam faucibus,6922652045
nstuchbery8v,Noland Stuchbery,lR5Yk0zJ,tortor,0327775491,rutrum,4520898331
markell8w,Mord Arkell,Y24uJtYy,lobortis convallis,9413047502,morbi,8069966912
bofficer8x,Barnabe Officer,53eSZ24e,in hac,2509297309,blandit,1058062115
pgarvagh8y,Phyllida Garvagh,aX6M63k2,iaculis,5785103338,et,4216111262
mlewins8z,Maje Lewins,zldkJV94,mattis,7988225855,non,6746753905
mbourner90,Madelin Bourner,fYd6nXxr,amet,8735270209,sed accumsan,2202709010
cmelling91,Christian Melling,Gwj5EXdK,et,3159221164,est,7121103494
jaugur92,Jorie Augur,L9UD4xUh,est quam,6952522425,ut,6518453362
eengland93,Elysia England,xh3DWq76,quisque id,8857248526,interdum,4873409543
afynan94,Albie Fynan,9YAIQTnP,mollis molestie,2421520916,nisi vulputate,6499980900
ahamments95,Arlan Hamments,8qMWWA0Y,quam turpis,7720165810,vestibulum ante,1776114337
clawler96,Constantia Lawler,CrF8SdYW,luctus,3592824252,feugiat,1101565969
daleshkov97,Datha Aleshkov,Hop25YyC,penatibus,0092382746,consequat varius,9040611718
ebodker98,Ewell Bodker,6dgtFNVP,eget vulputate,5245556421,orci,4402114942
efrost99,Emera Frost,NxFE6mio,lacinia,3229499379,vitae,4778284917
bheindrich9a,Beck Heindrich,yLn4ATXT,quam,2763762700,at,5564606752
eklain9b,Elroy Klain,OTw9Ke1d,lacus,5003934823,luctus,1286754771
jboatwright9c,Juliette Boatwright,BpoeYD9y,et,4300276714,lorem ipsum,2910626628
pbockman9d,Pepillo Bockman,Qkb1GeCe,amet,6424837892,lorem,0156827824
smorteo9e,Shurlocke Morteo,gEjf8zRZ,tortor,1630382256,vel nulla,0843770430
tterrey9f,Trina Terrey,vN5zdzO9,urna ut,5221321726,nulla nunc,9916032548
efarryann9g,Estevan Farryann,RqLuk3qJ,lectus pellentesque,7479297300,ipsum,1684388996
wrosetti9h,Webb Rosetti,J13zD76C,in,2059425956,tincidunt lacus,3550011792
nkornacki9i,Norene Kornacki,fGAuufj5,rutrum nulla,2724195035,at,6525536987
mvlasov9j,Mitchell Vlasov,S41tVPsA,ipsum,9394429743,laoreet,1075284775
fimloch9k,Francene Imloch,U5VE1zTJ,pharetra,8378176517,augue,5315340708
ajanaud9l,Ailsun Janaud,r6HmI2wL,interdum,8227100856,ipsum,8707582269
bharrill9m,Brunhilda Harrill,BTv4X2rs,nam,7021700261,eu,4593331455
cfillary9n,Christine Fillary,yXn97bBb,pede justo,7950414804,curae,6275192003
dartis9o,Dionysus Artis,wtcc2KAQ,faucibus orci,5749512711,erat fermentum,9674280022
rnesby9p,Reiko Nesby,z8D0cwkV,vulputate vitae,2148195905,id,4730629698
ddufer9q,Dodie Dufer,cVQn1VrN,vestibulum eget,0382528883,ante ipsum,8176622044
atunney9r,Alexandr Tunney,Sf6daZZ6,sit amet,8433364782,proin eu,9077579494
mbenion9s,Morten Benion,Zqwhd81X,erat,4982751692,dolor,6359822016
fcricket9t,Felic Cricket,CPx8ukk2,nulla,4280511128,maecenas,8530138686
amarieton9u,Anatol Marieton,iz8TPomH,morbi a,5041932824,cum,5865005073
hmenere9v,Hanny Menere,MxiR24PO,integer,7975290513,maecenas tincidunt,2472682476
lphateplace9w,Lauritz Phateplace,lWfc8vFI,nisi,6784278992,lectus pellentesque,3255121302
gjereatt9x,Graehme Jereatt,Uc8lLa9h,nonummy integer,1046082566,nulla quisque,6541809194
vfiridolfi9y,Vania Firidolfi,KJmRVm0t,in est,7167984108,dui,0194742989
ccapini9z,Carny Capini,YbaxK3oI,sit amet,7557055004,libero convallis,0817031863
wkoppela0,Walton Koppel,AJV2qKZy,donec,7092371465,eget,2616000970
ngehringera1,Ninetta Gehringer,7L13tRbe,nibh,9519582789,ac tellus,7114817525
abattamsa2,Adan Battams,2Lz32Mql,nullam,5750822060,sit,1909034452
rdionisoa3,Rozanna Dioniso,VCta2A1v,penatibus,1720753571,nec dui,4662293499
bfoldera4,Basilio Folder,W0igXO4U,nisi,3138298893,at,5649582718
khullyera5,Kat Hullyer,7EkOFobU,duis bibendum,6867343619,aliquet,1958618829
regintona6,Ricard Eginton,gIR7bRW7,enim lorem,4438961025,ut,9452536799
gedgerleya7,Gabi Edgerley,GShZmc5c,at ipsum,9251937001,turpis,4877329978
gyallowleya8,Gonzales Yallowley,dlH897BF,quisque id,8140144614,odio justo,7009153078
bjearuma9,Bertine Jearum,Syq41S6W,hendrerit,8164110485,ornare,6392033246
ekimblyaa,Elwyn Kimbly,xlA15gU6,nulla,6241413678,etiam,9562555097
anegusab,Arel Negus,g1Mwj7NY,duis bibendum,9037865321,vulputate luctus,7785177724
fmericac,Fidelity Meric,lV8iw7Wf,eget tincidunt,5393979509,ornare imperdiet,3322580385
mclawad,Matthias Claw,Uk98KVlh,pellentesque,2526009952,eget,5475546509
cglindeae,Conan Glinde,cAQ9liZV,quam sapien,5553225817,vestibulum,4071979038
vweatherillaf,Vivyanne Weatherill,D0VEraEz,eget,0547656467,sapien in,9937797268
mraspag,Merrilee Rasp,Y9UqH1Nh,lobortis sapien,9556255826,interdum mauris,8744417322
atrillah,Adamo Trill,6br7k1cU,interdum mauris,1234321491,tempus,1802644717
ccullrfordai,Chadwick Cullrford,pLi7s9MX,justo maecenas,3066317099,dui vel,2564447325
dmixeraj,Darcy Mixer,yUeHUKe6,duis aliquam,0550094180,dui,7659150537
kdewickak,Kristan Dewick,60G3Okkl,quam,8868056135,faucibus,0503723010
acutmereal,Ardyce Cutmere,GirB9fmt,maecenas tincidunt,9235127394,morbi a,5514015327
bkilbeeam,Britt Kilbee,K5k6xU2L,arcu adipiscing,0231635923,sit amet,5459114632
fmarginsonan,Fleur Marginson,4vrwvWSk,a,0014208652,sapien,9281231565
arivardao,Albertina Rivard,XAD3CSIs,pulvinar nulla,7606861730,consequat lectus,8250525256
oleneveap,Oralia Leneve,01Z9pjRH,semper sapien,6654300475,nibh,7827815847
dcleverleyaq,Donall Cleverley,ELDn4Chu,purus,3502365660,sed lacus,3802558324
kspillmanar,Kim Spillman,YmK1ttl2,et,5741764606,sit amet,6118743649
pearnshawas,Pincus Earnshaw,qYlc8981,dictumst,0890384738,ultrices,4305713136
npennyat,Noemi Penny,siQ1TbuS,dui,4114794476,aliquet,2200960654
lciraldoau,Lloyd Ciraldo,h4UkEJqB,aliquam,1515242463,sapien cursus,1939253454
jpurnellav,Joyce Purnell,8oQ7DU7m,rhoncus dui,6163422589,felis,6003082526
ukomorowskiaw,Uta Komorowski,xe9FlsBE,elit sodales,0751953334,elementum ligula,7137110215
ahughax,Amelie Hugh,8yR1FMsO,donec,5252734259,quam pede,5832936035
kplacstoneay,Kittie Placstone,E5XVxYnP,consequat morbi,3336856094,curae nulla,9195108726
ctarbettaz,Christel Tarbett,SUaRen1h,morbi non,4256272534,ridiculus mus,9154243912
oteeseb0,Olly Teese,Tlh6e2mD,at,6935399491,elementum,6429386112
tkuhlenb1,Torey Kuhlen,ZDA77IhS,nulla,0327764333,ac,9196860219
kraweb2,Kylen Rawe,QUUhty8Q,ipsum primis,4593365341,molestie hendrerit,4935034556
cthiemb3,Candice Thiem,rravR2H4,aenean sit,9628646044,eu massa,4668856681
myeleb4,Mil Yele,Rwcx9v11,nisl duis,8778302048,blandit ultrices,9278768464
credmondb5,Carmina Redmond,iBMq0Hi8,ligula suspendisse,9873710744,morbi sem,5108052200
gellisonb6,Goldina Ellison,bAp01Sih,fringilla rhoncus,5964988830,id nulla,0704886421
qcarletb7,Quill Carlet,pUq079qM,accumsan tellus,7560050417,nulla,2527301746
rbollansb8,Reginald Bollans,0RnIw1fU,nibh in,7660455540,lacus,5362327615
kpedronib9,Karlen Pedroni,Yjqwi2vY,vel,5027269803,nulla,4464449808
gbeachba,Gail Beach,BxMCf4G8,et,0860948234,turpis a,5140698307
gsimonichbb,Gabbie Simonich,speYFY98,quis lectus,1809755840,varius,0897903617
agooderickbc,Ailene Gooderick,UD4ThpGb,sapien,6000501951,mus vivamus,8172130201
lchelambd,Lesli Chelam,7YFvR34q,lectus vestibulum,8202369487,non,4428546262
tgrandisonbe,Therese Grandison,gWIU5J5m,erat quisque,9858001231,duis,9469011740
bcantrellbf,Barty Cantrell,OM7sxQa5,aliquam,3448776491,volutpat,5906480889
dhallbordbg,Dicky Hallbord,4BnhdYJu,porttitor,3611573779,faucibus,5974242122
hharhoffbh,Hyacinth Harhoff,4DuxjraI,cursus urna,5378483581,mauris,1963785916
nlittlemorebi,Natalie Littlemore,Qz67swuC,erat,8411977862,dolor vel,2785709195
ljeanesbj,Lavinia Jeanes,gsq68AXw,integer,1726483436,pede,7256683626
abarettebk,Andromache Barette,S7InDZY0,consequat nulla,9292493183,ut massa,3698552523
deckfordbl,Dukie Eckford,Ga4jYRWr,libero nam,5183137463,ut,1822568870
cbubbearbm,Corry Bubbear,vlL8pIlV,pede,9689799088,turpis a,4061876767
cwestmarlandbn,Cristen Westmarland,EaPJKX7R,ligula,3183555182,est donec,3445348944
khubbuckbo,Kathye Hubbuck,G8X4l70J,at,8262437446,sit,5356353707
cvendittobp,Casar Venditto,Lo70594g,faucibus,6272781229,libero rutrum,3951496509
gdovestonbq,Gilbert Doveston,YM6isd9o,egestas,9627162833,tortor duis,2119767343
ejessardbr,Elspeth Jessard,QN49nTIi,ac,8329803627,ipsum primis,7312219918
efarrearbs,Edy Farrear,Yp20YCfC,ipsum,1730203663,ut,9082833522
pfellenorbt,Pen Fellenor,Key6gh9N,donec diam,2721010174,dolor quis,0674564073
tiskowiczbu,Trace Iskowicz,Yj53tQTa,eget,5490290870,eros,8487146368
ryarrantonbv,Rebeka Yarranton,H9ubFc6r,eget,7714430133,libero,1982188677
gaishfordbw,Gayleen Aishford,f7dQQkZW,ligula,1904966063,a,6047043046
obrunskillbx,Otis Brunskill,IHZUw6MZ,nulla,5976526152,in,1426684169
wwildmanby,Ward Wildman,NF8VwNSI,vitae,2657196535,eget,7997684387
zfranciscobz,Zak Francisco,6edXisR7,justo,0417469160,non pretium,3726142592
bmeenanc0,Brynna Meenan,yJcn3qX6,pharetra magna,8607174444,magna,0781444381
slettsc1,Scott Letts,FKy1ws1E,morbi,8661071690,vivamus tortor,3619037213
icornallc2,Iona Cornall,oXAqj39y,morbi ut,4728689859,nullam,5375822636
isoansc3,Isaac Soans,80JzCdGp,hac habitasse,1072712091,nam nulla,6513243319
lblackeyc4,Lissi Blackey,uR9pP4AY,ut,0755552814,vitae mattis,4769339232
lmcconvillec5,Lewiss McConville,Zh1m1H6d,ante,9088642435,nibh,6271367984
tberryannc6,Tobey Berryann,sxxQIT7W,vulputate,4431557539,velit,5694290550
wtouzeyc7,Wallas Touzey,6H4OX0yE,turpis,2322332615,est,6707670751
frazouxc8,Finn Razoux,ezVSm9yH,tempus vel,6838585863,eget,9778532710
asulleyc9,Avrit Sulley,ko4UxnTP,nunc,6874693433,lorem id,7593364615
sgiveenca,Shannon Giveen,Q69vSFeC,justo,8217912785,vivamus in,0914707019
whowlincb,Wyatan Howlin,IXpwyP6i,libero convallis,6985286607,eros viverra,9381834342
jtomneycc,Jeanie Tomney,3dUZzPY8,a,0347402100,nunc nisl,9906635762
mdrysdellcd,Margit Drysdell,J91FzAuw,felis,4910941371,nam,8079496838
redgingtonce,Reginauld Edgington,LNfeIz6e,quis,5065340722,metus,2150961830
lluckiecf,Lyn Luckie,8160qwIl,ornare consequat,5542025358,habitasse,1333701160
tbadmancg,Theresina Badman,6crhAwKi,enim lorem,5334938826,et ultrices,6245703859
awitherdonch,Alys Witherdon,hAtVUC6c,felis,3846301000,nulla suscipit,5662572003
gohearci,Gian O'Hear,gZn1kRaV,augue,9529646151,posuere cubilia,2590608128
apowleslandcj,Alejandrina Powlesland,UuG7tn1D,in,6518948000,nulla dapibus,0391687336
mcowperthwaiteck,Magdalen Cowperthwaite,tX63i2MH,nisl venenatis,6271081878,eget elit,9019080679
sescofiercl,Scarface Escofier,bpeXsT2m,ac tellus,4899401337,non mauris,9336674234
rmcnamaracm,Rodolfo McNamara,Tifa4neR,sit,0556159772,volutpat,0629366411
cbaulkcn,Clerkclaude Baulk,EBhU31q5,quam suspendisse,2533652571,amet,5431380559
hmingaudco,Hill Mingaud,iXmAlt8p,pharetra magna,8649182674,rutrum nulla,0849563712
shutchasoncp,Shela Hutchason,wbY394yB,quisque ut,2901002331,turpis,9811973490
mskitralcq,Malanie Skitral,Rc5V7mA0,ut,5937195205,ut,8526335995
psherreardcr,Perceval Sherreard,yFic77bW,cum sociis,5811867050,in eleifend,4457291846
vlingecs,Valle Linge,EyqVHC9h,lacus curabitur,2183575751,massa,0618557628
cbulfoyct,Cullen Bulfoy,Uszqu8L9,proin interdum,6616999890,nam tristique,4874276059
cwawercu,Conchita Wawer,QbcDsp8s,sed lacus,9296669324,praesent,4441263597
pphilpottcv,Prent Philpott,mxWOwC7R,curabitur,4711983376,donec pharetra,4711205519
stomczynskicw,Suzy Tomczynski,tUk5jpK8,et eros,3909116701,luctus,0746291582
mfranciottoicx,Maggee Franciottoi,VKqbjV38,suspendisse,1742272290,sapien in,7059214909
ssimonettcy,Sim Simonett,1k7Z8FY9,lacus curabitur,5663834583,adipiscing,7202742977
etatlockcz,Evelyn Tatlock,WA2kk0OZ,cursus id,1427711828,vitae,2618760166
efilippod0,Egon Filippo,Klf1n4Bj,lectus in,9637010467,at diam,7891594414
bfishburnd1,Bax Fishburn,38utFgcq,iaculis justo,2955145394,semper,5928754035
btrevenud2,Bail Trevenu,JWcaD1rE,cum sociis,0434208132,fusce,0181826305
gzecchiid3,Gillan Zecchii,uCNdyB12,ante,0023251654,rhoncus,7930226360
smcindoed4,Sallie McIndoe,XEj55B6q,tortor eu,2310747327,dapibus,3342912553
nscrined5,Nero Scrine,BbnP2vjz,tempus sit,2790176647,ultrices,6202208457
tstarmontd6,Teri Starmont,SrJuKm60,ut massa,8160239335,amet,1690699361
fbendtsend7,Fleurette Bendtsen,O0Nlt5iv,tempus,0979091586,rhoncus,7714079452
mtummasuttid8,Marilyn Tummasutti,Ug67gzul,ultrices enim,8745883491,tincidunt,7862662288
hcruftd9,Hans Cruft,4Vc5y4iR,non,6745674068,dapibus augue,3035327742
svorleyda,Sergeant Vorley,3LpbIyrK,sed magna,0717551369,in,6135147439
mkneelanddb,Massimiliano Kneeland,Z0Ghs4yx,nulla nunc,0288174674,aliquam augue,4832652923
fwintondc,Florri Winton,UdzRzN78,amet cursus,9580805539,praesent,9726872235
wschimankdd,Wally Schimank,Og5Q02TT,enim,6675360574,enim lorem,0854764461
frubicade,Felix Rubica,G7FIi8G5,a suscipit,6113062481,rutrum nulla,2730741909
wgurneydf,Wenonah Gurney,FjY9sXj0,erat,9795240501,rutrum nulla,4285916037
hshillingforddg,Harold Shillingford,J1rHOB6L,amet erat,0406338930,sem duis,8087513045
cskelbeckdh,Catrina Skelbeck,2PbJNU8N,ut,4607006971,porttitor id,5447997607
sbuckstondi,Samara Buckston,CWjf5RP1,nunc,5687114998,sit,2800859660
hbisleydj,Honor Bisley,ed9DoZbz,ut odio,5107032451,tincidunt,4440040594
bskewesdk,Broddie Skewes,Zkoa4K39,luctus,0102802939,vel,6798688055
cogglebiedl,Chaim Ogglebie,RlAqGUF2,ut massa,9055053260,semper sapien,8936800663
bdelgardodm,Bob Delgardo,0Q6OBXik,id massa,6654369130,sagittis,1273622650
dhatrickdn,Daron Hatrick,J6wjJ6Xo,auctor sed,5641740624,donec,9161934232
lwhytockdo,Lemar Whytock,xddUGkS1,non sodales,9783220365,donec odio,4643432160
zdoreedp,Zerk Doree,0Z3tbAFi,sagittis,4874362907,volutpat dui,6510265451
klehenmanndq,Kalil Lehenmann,8fRYjWxM,proin,8693528025,ipsum primis,9208627314
mkedgedr,Mercy Kedge,VpnU77fL,pede,9289749601,sapien,9304091942
aixerds,Aguistin Ixer,S515nSfM,mauris vulputate,4150020043,vel,1790655633
tbotterilldt,Tammara Botterill,OUmo7aNI,posuere,4687948111,lorem quisque,6279262138
dgerodu,Delia Gero,zcp8QzDA,eu,0221937129,praesent,4321983940
kaldwichdv,Kleon Aldwich,C5S6pLqC,etiam justo,7624528673,id nisl,7428955645
zpageldw,Zacharias Pagel,djDzl0RC,venenatis,3908347386,amet,1284383083
shannentdx,Shurwood Hannent,3DOQhjVF,sem,3158503050,tincidunt ante,7260401362
srashleighdy,Simmonds Rashleigh,UfIec74i,eleifend donec,2655366956,integer ac,5938630134
cabramamovdz,Coretta Abramamov,79WvcCue,nulla mollis,2250458383,ac,5606298392
lblakee0,Laurie Blake,gV2Abn8Q,nam,8817940240,rutrum nulla,5442359696
aizkoveskie1,Avivah Izkoveski,6diAKxJK,at dolor,9575139593,dapibus augue,8750353500
aphillcocke2,Ailey Phillcock,Pl9Norcv,elit,2147800759,venenatis,9273649289
aklose3,Abie Klos,5c5pupTv,turpis integer,9529292279,vestibulum,4496510472
pcoonane4,Pansie Coonan,UEMooIA9,lorem quisque,4876406448,tellus in,7597481683
jhastelowe5,Jedidiah Hastelow,Ya4qmCK0,varius integer,9162202987,interdum in,6393896337
shardawaye6,Shaine Hardaway,o2TwI1jO,erat nulla,0041462076,in faucibus,4263768515
hgilhouleye7,Haleigh Gilhouley,VcY6vyuH,ultrices,2090644443,ultrices,6115631807
twyllcocke8,Thomasine Wyllcock,sOVn4jAQ,vulputate,8978358233,felis sed,1379598141
opearmaine9,Osborn Pearmain,f98PkJIh,ut,1198080329,eu magna,6699204262
kchevertonea,Karole Cheverton,FXV97bjQ,posuere,7425242117,et,1112177663
lsoroeb,Loraine Soro,Vh9uDgJD,sit amet,5660192963,diam id,5521586245
mescoffierec,Mareah Escoffier,AypNQb7r,convallis nulla,6141169953,justo sollicitudin,8183310532
dminarded,Dimitry Minard,F0R964tJ,nec dui,0800147200,a feugiat,1704709784
ebummfreyee,Ernestus Bummfrey,g2ucjsIa,nunc commodo,0518367797,nullam porttitor,9861696695
rcordenef,Rolfe Corden,4xAIwKVm,accumsan tellus,5649303851,morbi quis,5746208396
loakenfalleg,Loralee Oakenfall,lITG1tpN,varius ut,1183696159,massa id,6712517532
slyburneh,Sisile Lyburn,wJg72Rlx,aenean,4531553055,ligula,2875016830
mcarollei,Morgan Caroll,Gv8cFafd,urna,3725688117,ac enim,2068364077
vludeej,Viole Lude,9QluW9sY,est,0113550979,etiam pretium,0710220065
eliptrotek,Evelin Liptrot,dD9Wwf8m,dui,2318521905,sed,0393406490
osoulsbyel,Olivero Soulsby,ufIxf5C7,molestie,2567363335,felis fusce,1791617441
ehinkenem,Erica Hinken,ZyyFkh4O,tincidunt,6239649279,lorem ipsum,7264565831
kendicotten,Kimberley Endicott,lHz7Y4JH,ac,9293283255,mollis molestie,2155871570
adieo,Annmarie Di Maria,R5rtDRX9,nulla,8340060759,viverra,6924141471
sgooderhamep,Shirl Gooderham,6cZ4F2FA,in,8041781306,ligula nec,2226227229
krowantreeeq,Kylen Rowantree,7kts2L3S,metus arcu,5934467387,posuere metus,0056444877
jigoneter,Joline Igonet,ZgalE58J,sapien,1507642547,purus sit,5687867198
bmattiellies,Bord Mattielli,tFUOE7sw,lorem,1020764392,metus aenean,1774320991
aryleset,Arvy Ryles,lnbuKh35,nulla facilisi,2461334544,pede morbi,0905989740
acoltereu,Alia Colter,q7b3VRi0,sit,1894181972,in,9931309059
kmacareeev,Korney MacAree,C1Us0Yk1,at,2411720017,lorem,4573597565
sdiew,Scott Di Francecshi,BJBy04TV,scelerisque quam,3023972893,massa,7105336722
tmayhewex,Terra Mayhew,36tPVvoz,nec,2626325031,dui maecenas,4864492573
kcastelotey,Kaitlyn Castelot,H6LCQcXZ,platea,8985594451,odio justo,7719138635
jglisonez,Jory Glison,02G4rpiD,suscipit,6494187773,magna at,8186441786
mpantridgef0,Marlie Pantridge,U6x0mwxZ,sociis natoque,3152976097,ac enim,6799448597
amillershipf1,Aaren Millership,SDfsPt0v,lacinia,5717526407,hac habitasse,9973884892
lromainef2,Lynelle Romaine,70hUxeWZ,sit,2270648102,accumsan,9311385999
tzanettif3,Tabby Zanetti,5pRSVSwB,sed ante,0802842933,iaculis congue,0333081048
bchapelhowf4,Broddy Chapelhow,QEqhGc3x,rhoncus aliquam,7770484774,in,3560272963
pcliftonf5,Paul Clifton,D6sOM6hJ,primis,6140094348,duis,3854324464
htutillf6,Honor Tutill,Cqc2CS8z,libero rutrum,2011922267,pede morbi,6661333014
dgyurkof7,Dynah Gyurko,KF4lty6l,at,3096787921,diam erat,5716519547
dorrittf8,Delainey Orritt,H33CL2zM,scelerisque,4906082122,nisi,9674506519
zfrostdickef9,Zeb Frostdicke,FIXH0nfJ,vivamus,0599671874,volutpat eleifend,0380740117
lrhodeffa,Lucilia Rhodef,DLzQVbn5,eget rutrum,2709845377,molestie,9968861669
bdennantfb,Bobbye Dennant,L8kgE667,non velit,3969304717,commodo placerat,6722334554
abaynonfc,Antone Baynon,bt7osDcY,lorem integer,8901364700,in purus,2236448724
fasselfd,Florinda Assel,HiIGBdf8,sed,3693898855,diam neque,2833951914
ggutcherfe,Gibb Gutcher,qH2y7NGY,montes,4631729902,cubilia,6365636008
wleadleyff,West Leadley,1LSccznJ,ante,3424608173,nulla,4568051029
eturneauxfg,Eydie Turneaux,06bJKnds,eros vestibulum,7757679834,ac neque,0596783787
pswadenfh,Portie Swaden,sK3g7lOV,eget eleifend,7156118137,tortor sollicitudin,6991964131
sdussyfi,Sidney Dussy,c5vWNXSa,in leo,2761378407,vestibulum quam,2801028088
cbartlomiejczykfj,Carlo Bartlomiejczyk,N5iAq3dM,cubilia curae,9227975853,id ornare,1606626655
agreaderfk,Abby Greader,0fSu2uJ5,venenatis,1152021591,augue quam,7963924881
ggrzesiakfl,Guido Grzesiak,1vOTF4U0,id turpis,7374768133,leo,2538276950
mgoodhayfm,Morna Goodhay,GE3tJ4b3,in faucibus,0908337647,maecenas ut,2077720476
mhellingsfn,Martynne Hellings,zYn1IrSr,hac habitasse,4287648080,sit,5064906838
bcoasterfo,Bettina Coaster,Vm668bAP,posuere,1440799571,pede,3468911211
ghexumfp,Gaven Hexum,8zDqOP1U,orci,7567244772,eleifend,2050112882
mstraffonfq,Mychal Straffon,sbIk1T2p,sollicitudin vitae,1879013738,pede justo,5731588538
fbackesfr,Frankie Backes,Gkx7924Z,ultrices posuere,8842125288,nibh,5627066407
adefs,Ahmed de Nore,Rv1d03z1,erat fermentum,2916772014,vel,1913376427
mandreeft,Margaret Andree,V96VSbfv,non mi,2590749627,blandit,4013669684
mtiptaftfu,Mathe Tiptaft,HTdu3HyG,in congue,6865926226,habitasse,9849511176
msallowayefv,Marsiella Sallowaye,Rg1DBV4f,donec,5014203760,augue quam,6536869966
pmathewfw,Patrice Mathew,2FSSiVF8,aenean,3394519518,eget rutrum,7134092542
dbolsteridgefx,Deerdre Bolsteridge,YmRtAm7U,ut mauris,1568090838,nulla tempus,7755376273
ktakkosfy,Karna Takkos,jB5gd8UL,consectetuer,4090002273,in,3530759198
tsawreyfz,Tami Sawrey,jhN20uwS,semper porta,6860508957,pharetra magna,5594458034
bcharlewoodg0,Brand Charlewood,VitKq1cO,eget congue,2765381062,at,5667306182
dskerrettg1,Darren Skerrett,aCK1Yx4t,nunc,6134844357,nam tristique,2986901697
ltumpaneg2,Lonna Tumpane,D3tJdIRL,ultrices mattis,5761122057,pede,7272020601
bjerroltg3,Bary Jerrolt,7jo6PJIo,vivamus,7467805810,vivamus,7597066600
sscardifeildg4,Sutton Scardifeild,54dxRPui,eget,7853830467,justo,4867413550
kjinag5,Karlotta Jina,zVqEs0uC,mauris,1598929070,semper,1926901541
oalbrog6,Orelia Albro,1tU5ZC3A,rutrum rutrum,1219650323,semper interdum,1771545143
cswetenhamg7,Codie Swetenham,v5sLrzvg,convallis morbi,1387611267,est,5701765210
rgulbergg8,Robina Gulberg,s3ttFHCq,justo,4835434471,vestibulum,4588478028
hbillboroughg9,Hilly Billborough,4dhhoyPY,sociis,2494480515,aliquam,2639593315
ggodardga,Ginni Godard,auEQO1y4,hac,2337245055,lacinia sapien,2195068817
bcreelmangb,Bonnee Creelman,VbDju1lF,morbi,0824578457,volutpat in,5315980529
ecullernegc,Eadie Cullerne,Cr36uKhD,dis parturient,9654017059,vestibulum rutrum,8760450959
sjiroutkagd,Stanislas Jiroutka,8E359lnq,tortor id,9619948076,arcu,3913301658
mdroghange,Morten Droghan,YIbOj9AH,vitae,1579783724,natoque,6030023454
pjaskiewiczgf,Peggy Jaskiewicz,x8MraSxn,turpis,2786766753,sit,2857270828
sflukesgg,Sasha Flukes,K0Xy1iYB,lorem,4233986999,nulla suscipit,8757283109
epeasemangh,Eloise Peaseman,aEZ2tKqn,in,5977173814,ut,8383737491
hcotterelgi,Heida Cotterel,Zv0dlUKF,dapibus,1916363660,pede,4954109590
oterrillgj,Otes Terrill,ukCyr9Fk,gravida nisi,9864791044,cras,3161578023
cwallbanksgk,Chelsea Wallbanks,broC0sBK,eget rutrum,4399118997,orci mauris,3098389117
cstollengl,Christy Stollen,HTVhf4kS,nunc,5557133720,venenatis,3906945715
waspenlongm,Waylen Aspenlon,25RdLZ9h,in,1586012398,quis lectus,4393826582
jlansdownegn,Jeniffer Lansdowne,Ps4oo6nF,quisque id,6504563276,eleifend,2427902675
kdyzartgo,Keelby Dyzart,Nv7hNpvU,vel lectus,2711588963,sit amet,0011419903
abecketgp,Agatha Becket,ByYZBft8,quam pede,9289320605,lacinia,4421208914
edutnallgq,Elna Dutnall,TOc5yV28,et,2689248123,in congue,1541403061
asalisburygr,Alva Salisbury,pLGTm64e,rutrum,6469578411,nisi nam,0100298567
lharrisongs,Layla Harrison,vGp7gygL,turpis integer,4724152648,volutpat erat,5675884548
aabramskigt,Alden Abramski,YnL5KoOn,non quam,1114074055,sapien sapien,1640553142
zweatherellgu,Zebadiah Weatherell,Bmbd3nWn,id lobortis,3096875723,id,4508472230
dmantrippgv,Daisy Mantripp,8FYKmp88,tortor eu,5805404958,erat,2559625865
sjacobsgw,Skipp Jacobs,Jxc05yvP,dis,7841016514,ut nulla,4801097669
tbernotgx,Tuesday Bernot,wp32JCyS,nibh in,1375672673,vel,8940879392
ehinrichsengy,Eb Hinrichsen,7EQePfp3,quis augue,6875525437,nulla,1073084183
ndrinkallgz,Natalya Drinkall,kjHKH5Mt,vitae,9801341548,pede ac,6126828070
flarmanh0,Fanechka Larman,5KrRcsID,duis aliquam,7279055354,ac est,3747523293
slantryh1,Simone Lantry,BBoK2AjS,nascetur ridiculus,0662047893,turpis,1327699842
rstreighth2,Rubie Streight,66ETiLvD,sodales sed,2201937508,velit,0299810615
swillmerh3,Shir Willmer,EZio6nOu,lectus suspendisse,6800067105,aliquam lacus,7827762573
dstandishbrooksh4,Dela Standish-Brooks,p4G9Sx1Q,nec sem,4289284019,nulla ac,4153556858
gbengtsonh5,Giavani Bengtson,l64fX4hA,lectus,5016843147,sit,0529421828
ncharrissonh6,Nappy Charrisson,0dVRtCGg,orci,2078664928,tortor,5646361095
kchadwyckh7,Katrina Chadwyck,tGJr8YXf,ultrices enim,1878932780,velit,9110685138
lkettemanh8,Leodora Ketteman,T8y454ri,suspendisse potenti,3418831826,hendrerit,1232712698
cfausth9,Cori Faust,gRIwz00P,hac,9171517006,ipsum,4745134266
sboulesha,Sharla Boules,YOeAs7BR,non,1679253107,ut,9059664868
cantrackhb,Cordy Antrack,gx5kSV2S,nonummy,8496526631,nisl duis,5148759313
adavagehc,Aurea Davage,1u7Zjo0i,est,8918479360,interdum mauris,8526268430
jbiesterfeldhd,Jozef Biesterfeld,CB2w0f4N,augue vestibulum,0784696217,vehicula condimentum,0019375107
clightbournhe,Creight Lightbourn,HcYN1pba,pede malesuada,2889588793,sed accumsan,3064218875
aemneyhf,Angelico Emney,LzR6fBgf,felis,2493575059,viverra,4074395436
kdoerrhg,Kirsteni Doerr,XiLQWw49,in libero,2539508251,volutpat,3250135925
xdjokovichh,Xylia Djokovic,FBDntla4,interdum venenatis,7339321748,fusce posuere,3029637050
blaskeyhi,Bunnie Laskey,RnKq2jjQ,purus eu,5457517705,cum,0492526346
kidlehj,Karly Idle,T3bYka2U,elit,5357609624,vel,0509711146
jwortleyhk,Jerri Wortley,HCe42at1,odio,8820498308,pharetra,2370354062
jsparkhl,Judas Spark,7D3AoPuG,turpis,9507744495,quam,5707104585
esinsonhm,Erhart Sinson,SHv9zlFY,nec euismod,2386939987,magna vulputate,8964833678
dgiacovellihn,Duke Giacovelli,YRfoFs5C,ut dolor,1474922333,vivamus vel,9780855661
cleho,Cordy Le Pruvost,3bzMOtHx,curabitur convallis,9770968609,porttitor id,6983004930
edaleshp,Edee Dales,MqIrpYB1,nisi,3085607498,vestibulum,5180715237
bmccritchiehq,Bettine McCritchie,Ul0bXxdF,blandit,7625432548,sapien ut,9145033633
dkibbehr,Dyana Kibbe,iwSLeX0Z,vitae,2769522876,nibh,2698774150
amaccawleyhs,Ali MacCawley,k3v0DeLS,enim sit,0072426217,et ultrices,0488885868
ddedonht,Dagny Dedon,O9y3szpv,vel,6677374084,sit amet,5384611103
dminghihu,Dukie Minghi,Zayu4EOq,natoque,6404006863,aenean,7580743264
pmcgrottyhv,Philomena McGrotty,Lrd3YDw3,justo,6629052447,tristique est,4688355912
pgramerhw,Patty Gramer,HsY1d7JL,odio,2882802382,pretium nisl,1343045258
gcharityhx,Gene Charity,WgW9C1XL,odio,3609049332,lobortis ligula,0385545312
jwaslinhy,Jena Waslin,5BGkZvBI,faucibus,3429187338,in faucibus,3421690979
gsadryhz,Gina Sadry,b53jVXat,et ultrices,7944411467,potenti cras,8965288274
sjohnseei0,Shermie Johnsee,7XjmFMps,curae duis,3040120697,orci,4687056881
skitchenhami1,Suzi Kitchenham,TSgrsSU2,ante,8068002995,ante ipsum,5895384269
bsuerzi2,Bucky Suerz,ORvq4p9r,in,8096317423,vestibulum,1847258921
eedmansi3,Else Edmans,quzt14AZ,vivamus vel,3413396021,ultrices posuere,6467077725
jfrancei4,Janessa France,Cm59OZS9,aliquet massa,4278470282,lacus at,3804850731
jbootoni5,Jacqueline Booton,NMEh4Gs7,mauris,2764658060,luctus cum,0223698393
pdui6,Preston Du Barry,76dEuvTh,accumsan,8594239718,turpis,3520260816
naxelbyi7,Neil Axelby,dgy2J9pM,id,6914118620,augue,5666991825
abeedoni8,Aimil Beedon,Bfz0m9q9,vivamus vestibulum,8424378091,amet consectetuer,0875196284
eklaseni9,Edlin Klasen,driN13vC,vitae,6018572001,integer ac,0954828844
gpennamania,Gavra Pennaman,gJdb1W9l,dapibus,7713866515,nec condimentum,6633809662
cgrestyib,Ches Gresty,Yr5hnP78,tincidunt,6145402768,justo morbi,1619029251
rbrenstuhlic,Raffaello Brenstuhl,nfhj98Pc,tortor sollicitudin,6178832176,interdum in,5788314011
atheurerid,Ali Theurer,0eCdzpf9,quisque id,9389445892,magna vulputate,7286060341
rnormavilleie,Robbyn Normaville,Un5NC8V8,et,2155168551,nulla integer,3143466960
sboddymeadif,Salomon Boddymead,p5cxCR8T,lectus in,5227283818,donec,3299976451
dsmytheig,Don Smythe,6FlEeyqX,pellentesque ultrices,5594226036,a feugiat,5667927667
daartsenih,Denice Aartsen,6tWVYLDH,nisl nunc,0831687266,eu sapien,4173384890
obleueii,Orelle Bleue,Sii44lH1,nulla neque,3608943331,justo aliquam,7617244843
ldurnij,Lothario Durn,By0hPzT1,amet erat,4189150770,in magna,9109008136
rmarquisik,Rogers Marquis,NGA7Ei2C,aliquam augue,7294194947,lorem vitae,8313500182
dmenichinoil,Daisi Menichino,aTfDq70n,vel,9848534091,id nisl,6994835898
snewhamim,Shurlocke Newham,P2GfK5Jk,nunc,6835720956,sapien,3317408804
khitzmannin,Kristo Hitzmann,4xOrwTpN,velit donec,6633168667,risus,1118264185
hbummfreyio,Haskell Bummfrey,cCyR1bTX,adipiscing lorem,9028521488,consequat,7842280045
fkilmurryip,Findley Kilmurry,2Gb1E3lN,quam,6483131372,nulla mollis,5629893599
eleheudeiq,Eimile Leheude,SdwmLb9O,pharetra magna,5317477999,sociis,9496727735
tcharmanir,Tasha Charman,ov47XYEs,luctus,2420561643,vitae nisl,7230655390
lbanisteris,Land Banister,V3vhEyUi,cum,8431361417,ipsum,9256856549
ksielyit,Keith Siely,aO0bJmAp,elementum pellentesque,3780731843,mi in,8049319008
beglaiseiu,Brook Eglaise,Nc0xAuLQ,elit,5012967313,lectus,3023416036
ilukeriv,Ilysa Luker,3DgJ01LL,consectetuer,3044537347,sit,9801703148
dgarniw,Denny Garn,XkG2n383,sem duis,3610336390,diam neque,2095212762
kwalstowix,Koressa Walstow,8C37ktX3,accumsan,3687411753,dui,2324949423
ckynviniy,Carmina Kynvin,WM48iIck,odio elementum,9017835311,at lorem,8301680903
jhallawelliz,Joshua Hallawell,f9TJ0Kqk,viverra eget,0825211026,et ultrices,7962262206
cadshadj0,Carly Adshad,JnRBf8Tr,ut tellus,0979293065,pede,8152761397
ncapnorj1,Nealy Capnor,En3EP0y4,sit amet,7269410372,eu,5502194647
ahannyj2,Adora Hanny,Mu5iWUs4,vestibulum rutrum,4565384108,eu nibh,5107626238
rgoughj3,Rolfe Gough,VnpVW8AG,nec,1026316685,tristique est,3401460900
gchawkleyj4,Grange Chawkley,6zk6HPH0,lobortis convallis,4952909816,nisl duis,9176997510
csnariej5,Corbett Snarie,YDlNk5QR,magna ac,7251683806,hac habitasse,8656649485
bbradfordj6,Boycie Bradford,gZi7576V,nec,0650534360,vel nisl,7736183376
mdannohlj7,Millie Dannohl,7dIbuB36,justo eu,9505543174,eget congue,3284712763
ehulstromj8,Eldredge Hulstrom,vEgR0QB0,est lacinia,7894060887,augue,9176225399
jnotoj9,Juliana Noto,66s0hWvd,sed,1164845675,ipsum primis,2741725438
aberggrenja,Aylmer Berggren,VcZZIt8A,aliquet maecenas,3827825091,tellus nulla,3479263216
acarrackjb,Abby Carrack,Ln9LWT2u,integer ac,5663136304,duis at,9041932119
tjeaneljc,Talbert Jeanel,52vjkgJM,ligula suspendisse,8035809261,diam vitae,8813501854
feverilljd,Fredi Everill,Jr36b1o3,morbi,0960969438,pede,0522055974
cbritziusje,Cordelia Britzius,GPIxXx3W,molestie,2555410031,nulla,1211899713
egreathamjf,Elaine Greatham,Jxo4BcJ9,sollicitudin,1387681680,justo morbi,0844479640
tmeekinjg,Tobey Meekin,gLo98YQ4,est et,3642594360,donec odio,2667466918
awrenchjh,Alonzo Wrench,kiC3Vn2U,venenatis lacinia,4682137263,libero,7331986910
msanpereji,Melessa Sanpere,FbY7Gxpc,pede venenatis,9169843708,quam,2541328699
wingrahamjj,Wake Ingraham,L7sP9mOM,tortor,6821083339,placerat,8105313111
ddoorejk,Dory Doore,eS6q8C4j,condimentum id,0826959458,augue,7669440848
spaitonjl,Stanwood Paiton,ZnpVaB2X,fusce lacus,0040364755,nullam molestie,9743257063
ssibyllajm,Sibeal Sibylla,j3y8uzQD,vitae quam,5723387294,ante,8656211242
itinglyjn,Irma Tingly,NbZM2wIQ,montes,6478582388,lacinia,4085750755
dfealtyjo,Dalila Fealty,RIbV082N,duis,4266517912,volutpat sapien,0524014914
memanuelovjp,Margot Emanuelov,sWex9Q9B,sapien ut,9470457765,tristique tortor,3598366760
tslemmingjq,Tymothy Slemming,jIpEDz5z,nulla,1332008720,interdum,3345659573
lmartuginjr,Lilli Martugin,Im41fbNv,sollicitudin,0389148903,amet,9163530619
jreignouldjs,Jacques Reignould,LH2munZj,orci pede,2586465601,ultrices posuere,7890653433
bridolfojt,Buiron Ridolfo,41mE5h0Y,quam sollicitudin,3743005158,eu,2931171859
snijsju,Skell Nijs,2qfFxUpS,eros suspendisse,1982945486,vestibulum ac,6220527801
amishowjv,Auberon Mishow,9eHnNQ3t,sem mauris,6751581866,morbi,4159355277
epiresjw,Eustacia Pires,0FS3e1hi,aliquet at,8371120095,luctus,7143485888
nschruursjx,Nelson Schruurs,svvTr0xQ,eget tincidunt,7087409867,etiam pretium,4231981809
psenterjy,Prentiss Senter,jWe7dS40,dolor sit,3386991149,libero rutrum,1258079283
styttertonjz,Shauna Tytterton,ygxo1U3N,amet turpis,5703177774,in,7131558222
zaronsonk0,Zebulen Aronson,uz1PCp0D,vestibulum,7782345103,vestibulum ante,6767008257
tstiantk1,Trumaine Stiant,p6dDVc2x,praesent,8205498121,metus aenean,4466225230
jkerfordk2,Jae Kerford,1NIKwM8R,fusce posuere,7022266034,in quam,2728917116
keilhermannk3,Kerwinn Eilhermann,3okD4QI5,porta,5861252041,amet,6960138051
jlambornk4,Jazmin Lamborn,Wxi9WeqF,penatibus et,0154090077,semper,5352664104
sianillik5,Sammy Ianilli,kb84ek9P,proin,0321088506,feugiat,2750970989
elanglandk6,Emalee Langland,a8ne2JOQ,id,8420226335,potenti nullam,3735447007
sskippenk7,Sawyere Skippen,TQnAY4YP,maecenas tincidunt,7175611048,neque sapien,6019046109
trobilliardk8,Tedman Robilliard,p8fSDI4n,consectetuer eget,1830305921,curae mauris,5229837896
bbreznovick9,Barbie Breznovic,MbvfsmH9,penatibus et,8611332024,condimentum,4457602426
abobaschka,Adan Bobasch,eVjq3Qtj,hac,0914842803,amet lobortis,7045515391
mprucekb,Murray Pruce,BdQ1l6Lx,non,9260472849,turpis,9824595120
vberthonkc,Val Berthon,fUE2fI9A,sit amet,9491864408,tortor quis,9017894792
dlamblekd,Dalston Lamble,SsMxebq8,quisque,3988134163,tincidunt eu,3831033862
scloonanke,Sean Cloonan,1xS1bFIi,ullamcorper augue,7562818266,tellus nisi,2327106923
chairsinekf,Cinderella Hairsine,t4P2k6YM,pede venenatis,6396551128,dis,1187243787
rmelbykg,Roch Melby,7Ngrux1J,duis at,3841347967,aliquet ultrices,7619918884
jbinglekh,Jewelle Bingle,kRi2RF2G,ultrices posuere,7267235638,vestibulum,0680049150
wgareyki,Willis Garey,Vs3Prps2,nulla,1298353394,nisi nam,0003932400
tkirschekj,Tiebout Kirsche,HLvb5n5T,porttitor,0017889863,varius nulla,8592229650
lfitzgibbonkk,Lotty FitzGibbon,6wsOfEG7,vestibulum velit,7867720596,justo,6672528377
dbisattkl,Danya Bisatt,SIrv5xMh,vulputate,2978007109,libero,1852279117
bbourdaskm,Byrann Bourdas,IVVLqx9r,velit,7947022828,luctus et,1685064914
gmeinkn,Gennie Mein,jG6EdVTt,interdum,7246672486,nulla justo,9315887646
atompkissko,Alisa Tompkiss,HbVky2TF,lacus at,8682083825,neque,6808312567
agreedierkp,Alphonso Greedier,0vYP5BVS,fringilla rhoncus,9380198299,pellentesque ultrices,4799004522
omcgibbonkq,Odele McGibbon,dhI70AxZ,dapibus,8602652070,curabitur,8339119796
fmckeatingkr,Fredi McKeating,dUZnbwW9,leo maecenas,2731012994,nibh,2244056589
bhamnerks,Barde Hamner,H6mDFcBx,ultrices,8883721535,faucibus,6293684788
lkaveneykt,Loraine Kaveney,SZt6ZTTR,eu pede,1679935933,et,3293434525
tsemradku,Twyla Semrad,djC7N9aW,etiam,5159184686,id,4769309465
kchithamkv,Karna Chitham,EAo3fU1Q,nulla,8300985867,vestibulum sed,6314277426
bgrishakinkw,Bartholomeus Grishakin,HVt3hh7T,felis,5091337334,ipsum dolor,0675822416
bvlasyevkx,Budd Vlasyev,ILomd5tO,tortor,9665639099,molestie lorem,5487630542
tmaytumky,Tamma Maytum,fbJ8MhnO,erat nulla,7991263983,nunc,8094005009
eknibleykz,Eimile Knibley,3yN4lpgN,viverra,7340079602,morbi,9917056513
dtabbernorl0,Dall Tabbernor,2nBiJmFf,lorem ipsum,4438523915,libero nam,7368056712
tvassayl1,Temple Vassay,5KRKvNU6,nullam orci,7435030465,consequat,1996387707
ijicklesl2,Inglis Jickles,u1th5XU2,est,9788396534,non,3668983143
tdowsonl3,Trixie Dowson,U4ffQ6XO,amet nulla,2074679637,tincidunt lacus,4887250975
fsellackl4,Fabio Sellack,uAxi74AI,congue elementum,4891904607,id lobortis,0513726837
bhebbsl5,Bertine Hebbs,Anh6MHPS,enim sit,3943108953,non interdum,5366451868
dlagel6,Didi Lage,1GOiu4uq,eget vulputate,6809260676,leo,2881313337
kmethvenl7,Ketty Methven,6Y6CSxxO,consequat,5295721825,vitae,4596125945
tpossell8,Torey Possel,X9RrmiI4,ac nulla,4351471190,eleifend pede,8758400923
sbosnelll9,Sibby Bosnell,i1ag1Sfh,quis justo,1732069298,nisl,3461772143
ecockshttla,Estrella Cockshtt,fPGwCAC8,gravida,8593514324,vulputate,2329766424
psissenslb,Pier Sissens,Rdb2ilnB,ac,4189969230,aliquet ultrices,9579980799
ddilc,Durant di Rocca,Wh70Dv6X,nulla,8234647601,vel,3496378166
rmcgeeld,Rebe McGee,y7tYkZpr,luctus nec,6612307056,in,8237214595
jburdfieldle,Juliet Burdfield,l2DsblG7,vehicula consequat,3148306775,in faucibus,5393221940
arobionlf,Alys Robion,k5neE7uB,vestibulum,9176199738,ante ipsum,0387668152
tmactrustramlg,Tobe MacTrustram,GIuFX4pk,eu mi,0010483365,convallis,4348660700
bmaudittlh,Bobina Mauditt,xk3w1MoM,vulputate vitae,6818141471,sapien,7327844481
ejullianli,Estelle Jullian,Wh2CmeZ8,eget,3280425832,integer,8252848257
dboutellierlj,Dedra Boutellier,kHgX572W,orci nullam,9402456678,nibh in,0741159902
rmetterickelk,Rivi Mettericke,btXgi2AX,nunc,6727412227,ut,0118642766
aweondll,Arleyne Weond,r4FEF1yB,nonummy,9851835323,diam,4148391242
pfarrieslm,Page Farries,Ft5q0Uap,lacinia sapien,7020345832,diam id,7205029880
hburdusln,Hyatt Burdus,BqRDR3Dt,mollis molestie,9296453925,est donec,5984949199
aknightslo,Aurlie Knights,Gx1X6T3j,sapien dignissim,5084149749,porttitor,4657299433
jwormaldlp,John Wormald,Vj5Wnmj1,rutrum,7681417893,diam,6770497344
aosheilslq,Anatol O'Sheils,ArWEb05y,ut,4195258294,velit,6420849845
cgwinnlr,Carmel Gwinn,4FFPya6D,congue diam,6903660569,consequat,4057849904
kleggenls,Kippie Leggen,4K3q2S5y,ut,6250512489,mauris non,8461631161
khayballlt,Kendal Hayball,0uRhCtUN,et ultrices,1549809229,sed justo,8293595752
jledamunlu,Joyce Ledamun,AmTys9rt,nulla sed,9763437423,pellentesque ultrices,8786565826
pcancellerlv,Page Canceller,zhT5FLvQ,sit amet,5393096410,vivamus,0785987681
ldanilchevlw,Leonora Danilchev,5eL6i4jY,quis orci,4542809226,aliquet ultrices,0573365008
kpedronilx,Kathryne Pedroni,iz5bzhYh,ipsum,1818430398,libero non,5184642455
lcawseyly,Laurena Cawsey,FE13MFYl,condimentum id,9557870613,nulla,7341547715
elantophlz,Emelina Lantoph,1cM0XNbK,dignissim,7283041257,turpis nec,4438190118
wbladgem0,Warde Bladge,UJPeZ9tO,in ante,9607620828,mauris enim,9816875632
dklaggesm1,Daisey Klagges,Vzb6rP2j,et commodo,0662229592,magna vulputate,5912714993
esarvarm2,Elliot Sarvar,nNl8NZ9f,ac,9285105750,quam fringilla,3423487771
ealanbrookem3,Errol Alanbrooke,AF6G4Qsy,quam,8521448945,ut,2368322485
jguitonm4,Jenn Guiton,oqIdAR47,nec,6897703737,congue,1811268080
gkroppm5,Gray Kropp,h0RFi0Vn,vestibulum ante,0182599310,scelerisque,2148822462
lcomellom6,Liuka Comello,hG4u562J,vestibulum sed,5634135982,sit,6030819879
emilnem7,Ezechiel Milne,JPPelnA8,turpis,1563803135,faucibus orci,7572489621
jelvym8,Janis Elvy,7FLELsH6,pellentesque viverra,0039839915,in,6915350950
kkettowm9,Kally Kettow,zeNvk1Iq,eget,0156528320,in,3650562545
dburgema,Dwain Burge,j0heshiR,risus semper,0933834926,ligula vehicula,2889840441
ckelwaybambermb,Chantal Kelwaybamber,1A6Ms1c5,vitae,9040596476,sapien,2229868764
ateffreymc,Arleyne Teffrey,6LdhV4Ax,in,2937114407,sapien,4440921620
kfaussettmd,Karlen Faussett,23OSniRP,accumsan,0214525473,ut rhoncus,9963294316
atowrissme,Alain Towriss,21W3h3CU,ac,8374021748,pretium,9227386491
bfoucarmf,Bertrand Foucar,SzZrf59T,at turpis,6916025816,aliquam,1707247552
bgroviermg,Bordy Grovier,y54N0ToM,arcu,4022783400,gravida,3669021663
mburnsmh,Millie Burns,lfZbo9DK,luctus,7559364640,semper est,7166888024
mmacarthurmi,Moishe MacArthur,8UjHguVN,sodales,1898230668,auctor,7764477672
maldusmj,Mohammed Aldus,OSGeX6t9,amet,8728749731,consequat nulla,8070074795
fparmitermk,Fina Parmiter,xlHBXt19,velit eu,4444255358,quis,8695391051
acordreyml,Alia Cordrey,ATwD87e6,ipsum,9185692530,lobortis,1628685875
rhatfullmm,Roxane Hatfull,FKvYDi1s,massa,8177305158,fringilla rhoncus,4357542049
bhanselmannmn,Barron Hanselmann,zZ8bSeCK,lectus,0113489943,justo,1954677588
aleavrymo,Annamarie Leavry,7Kopc8AF,eu nibh,7530248804,lacinia,8092656266
bullockmp,Bambi Ullock,nCmD3BAy,lobortis,7379628380,mauris laoreet,2509524763
gkinlockmq,Glenda Kinlock,bhEL8AyB,blandit mi,2479777561,tempus vivamus,1806714787
bilyuninmr,Beatrisa Ilyunin,RNWYtqL5,vel,7095042209,vestibulum sit,3895281859
abortolussims,Antonietta Bortolussi,2MwsbYU1,tincidunt ante,6091025880,lacinia,0021192375
jendemt,Jerrine Ende,ROz8xWH2,vulputate elementum,1735752290,erat,1199790591
jcundemu,Janeva Cunde,V9JQm3mN,donec,0931243734,lacus morbi,5578489184
lpulteneyemv,Lennie Pulteneye,e9vldKHs,est lacinia,2918095982,neque,7952573071
pnelesmw,Padgett Neles,vP4opdHn,varius,3620296367,mi,3593203219
esalandinomx,Ethelyn Salandino,HyAwmz2t,aliquet ultrices,2318087644,lacinia,1351847937
ascurlockmy,Annabela Scurlock,KdxZt9hM,sed,3515226516,tempus vel,4424056953
sdollimoremz,Skylar Dollimore,QiwnnY72,iaculis,0110217756,praesent blandit,6540860684
lelnoughn0,Letty Elnough,GojI7nKF,nunc vestibulum,2024250505,est phasellus,7839088910
cswindonn1,Caron Swindon,R83FQrs2,nulla tellus,9614553723,potenti cras,3174816491
mfeatherstonehaughn2,Melisenda Featherstonehaugh,1pXXNB1X,hac,2379960232,pretium iaculis,5536076590
mcoastern3,Marcella Coaster,Ye0OeoBs,non,4674666805,orci pede,0662818849
pdextern4,Philippa Dexter,OpyVM4lX,sed,6971267893,pretium iaculis,1239704011
girvingn5,Grayce Irving,S4V9Vuqd,lorem id,7238732181,et,4833064243
coshavlann6,Coralyn O'Shavlan,LniT7gjZ,tincidunt in,5107158102,volutpat,5895639771
cstansbyn7,Casar Stansby,sX4G2SHZ,id mauris,6322874977,est,1522964975
fjickellsn8,Faye Jickells,5Rp7Ljgb,vestibulum,6722752305,at vulputate,7364726276
myesininn9,Merissa Yesinin,MbCG9szR,donec,1086802756,semper,0851090885
amargueritena,Albie Marguerite,IxdcwE7j,tristique,8147425252,sapien placerat,5014599346
abrambellnb,Alejandra Brambell,L2rOT5tV,nulla,5260597443,mi,7691040768
apennellnc,Abraham Pennell,6dVNFM1o,quam sapien,9231642286,nam nulla,6828679660
nkemishnd,Noll Kemish,4xnpAenr,et magnis,9288788786,leo,1547586354
acurromne,Ailis Currom,YEm7wck0,tortor id,7649955338,in,3426203782
mmewrciknf,Marion Mewrcik,bAz2V088,sapien placerat,9737280822,augue quam,9573523256
dwindhamng,Dinny Windham,x1kGIuDR,vestibulum ante,6109663522,aliquam,6616390004
bcattrollnh,Bee Cattroll,cuYFzp43,suspendisse potenti,7747743602,pede,5814850523
erutterni,Ely Rutter,Iw8g4BpJ,felis sed,6399968976,odio,2220253384
wschustlnj,Woodrow Schustl,HUjM8n0V,parturient,0459800825,laoreet ut,2602831743
ccourtmannk,Cassey Courtman,fWsqInO7,in blandit,4715966115,mattis odio,6674356174
bwildborenl,Bette Wildbore,MNh92vkR,adipiscing elit,7953988399,convallis eget,6003849592
dburleighnm,Dar Burleigh,HJ0vj5BY,nisi venenatis,1391388860,in,4499763959
tlabbetnn,Tammara Labbet,fIc318NT,quis justo,0023047216,integer a,5114398040
wrubeeno,Welsh Rubee,K98Lwcob,rutrum,7936862161,rutrum ac,6876949354
gbaiteynp,Giovanni Baitey,f8fSC3Jy,pede posuere,5406245651,nulla suscipit,1309114927
lhallihanenq,Lea Hallihane,EKqCiw5J,etiam pretium,7856177950,curabitur gravida,6418528891
nraeburnnr,Nanci Raeburn,jI3kjgNR,nulla,2940380325,proin,2803342456
ahellsdonns,Arnaldo Hellsdon,0olNL13N,amet lobortis,8395431783,ultrices erat,3406860087
ciremongernt,Carissa Iremonger,Hjm9WtR8,sapien varius,8245205079,in hac,0791736385
ttrittennu,Tabbitha Tritten,Lk84FM31,lorem ipsum,2860142061,dictumst etiam,8610389928
zfridnv,Zacharie Frid,8kfaY9gV,volutpat,7533649389,mi,0961849312
bfurssenw,Beilul Fursse,jdr9ArdY,in leo,7421900853,ultrices,4465543743
mpithericknx,Marline Pitherick,6gEBn9tv,orci luctus,1075893984,dictumst,1191036944
imiddleweekny,Ignacio Middleweek,a0Oh0Vmh,id,1214065856,aliquet massa,4650896479
rtidswellnz,Richardo Tidswell,KeLrg1Bh,morbi quis,5084538559,ultricies eu,4296924699
lrosenboimo0,Larine Rosenboim,4o5nNnS3,nunc viverra,4802694490,vulputate,7140452717
hhanveyo1,Herbie Hanvey,Mta7Xyi5,consectetuer adipiscing,6928302453,id ligula,0291422926
iwhitesideo2,Irwinn Whiteside,v9BYnz2e,dui,8032815074,vestibulum velit,1830937073
ybraxtono3,Yanaton Braxton,W8FVqYQj,et,7674947211,duis consequat,5723037307
cconiffo4,Christie Coniff,ZbV9wGWP,maecenas,8207469390,pharetra magna,4414391849
kfaloono5,Koressa Faloon,zPsiS0eM,non,9234083326,eros,8274223713
ederisleyo6,Eran Derisley,l7KjtsB5,risus praesent,5431305662,lectus,5716678963
bvivyano7,Bentley Vivyan,2NeMxp76,pellentesque,6896436263,curabitur in,7570705238
dfuchero8,Doreen Fucher,zvCJL0N5,pellentesque,1463269587,pede justo,8306334159
awidgero9,Annecorinne Widger,Qy8ov1rU,turpis eget,8289042248,lorem ipsum,5349591924
tsyphusoa,Theresa Syphus,2bDT5zQu,sagittis,2174890143,gravida,3324568625
adallonob,Almira Dallon,tfz7TEH7,congue etiam,2839710099,dui maecenas,0217796176
mrayoc,Margeaux Ray,nNs7c8ac,cubilia,5327327264,tortor,6119406506
mnangleod,Marlon Nangle,2Tui7l40,urna pretium,8365394022,risus,0681104902
amallanoe,Amity Mallan,EhU8rWLo,faucibus orci,8334962177,vestibulum,4901175327
dlimonof,Dorothy Limon,4Fu7Js1e,elementum,7754171287,erat,9611422938
ccarnegieog,Chic Carnegie,YPgyzPd6,hendrerit,8899495386,id sapien,3713078629
jwhebleoh,Jephthah Wheble,DTXcs6bm,in,9778456844,sed magna,2430101769
lneillansoi,Lira Neillans,L6hI3DKu,amet,9735737922,non quam,0875210430
pockleshawoj,Powell Ockleshaw,peHHvx6P,in est,1546114157,vel,8344293103
phottonok,Perceval Hotton,k9k2QR3Q,sem,1306860121,at nibh,8793661010
sosullivanol,Sherrie O'Sullivan,sny0MQ4H,diam vitae,4841706151,in,9011648889
nmyattom,Nixie Myatt,iuRFYm1k,non lectus,8294466107,eu pede,9525004473
aleinweberon,Ali Leinweber,2taeNoXN,nibh,8934902957,vel lectus,2749062586
jfernleyoo,Jobi Fernley,CT11Gxt8,phasellus id,5513311801,eros elementum,2101945339
mbalmeop,Morly Balme,5N4lOviR,mattis,2644688167,pede ac,7048713402
cgrintoq,Caron Grint,iXvGTot5,vestibulum,6544134635,ut,7856224088
htogheror,Harley Togher,hY1Ykaty,tortor id,2706499346,vivamus metus,3593869276
dsacazeos,Diahann Sacaze,Dbva4jBk,in faucibus,3167003022,at dolor,5283672271
wolifardot,Weylin Olifard,nU7pdoHs,curabitur at,8501409057,risus semper,6510840561
vhazletonou,Venita Hazleton,VuFItV4b,dapibus at,6934219872,lacus at,1900602814
larchbaldov,Lou Archbald,Cb41lqc0,ipsum,5802605596,aliquet at,7140683212
bassiterow,Baryram Assiter,f55Hro3q,ligula,4426849144,amet,7007463452
ajansieox,Adrian Jansie,mJlgR1TI,cubilia curae,5511921424,in sagittis,9089534458
ageharkeoy,Annetta Geharke,2YxpvQ9a,pulvinar lobortis,5001843014,ipsum,5881420063
rfeldonoz,Rebbecca Feldon,GuCt2q5X,non,7841939086,vel,5984563088
cdobbiep0,Candie Dobbie,yTjJU09Y,nulla nisl,8676515964,pede,2850030309
phargrovesp1,Pauletta Hargroves,4O0IrHXl,urna,2163915603,pede,3924393249
jbothep2,Jessamyn Bothe,FbidJm9w,elementum ligula,0490894186,morbi porttitor,9682233887
amarringtonp3,Adolph Marrington,vnx7YxO5,libero,4359587902,sed magna,9699004169
dshoveltonp4,Dario Shovelton,Plcn2IUw,ultrices vel,5639064323,lacinia,5914870631
ydockreep5,Yolanthe Dockree,31sSpmpP,primis,2997125731,est,1240302657
gcruftsp6,Giff Crufts,ZTewf8YV,eget rutrum,7134370372,eleifend quam,2710067439
mhewkinp7,Maiga Hewkin,d7WaQpU1,augue,7629787472,orci,3573340008
dcaghyp8,Daron Caghy,CYYdP8SS,cursus,2801474010,risus semper,9274799217
eelsworthp9,Emilio Elsworth,TD6cYIaU,metus,3580191284,duis,2694798195
flanferepa,Fayina Lanfere,6Hhe4hSE,consequat in,3180032294,tempus,6818326404
dseamarkepb,Dewitt Seamarke,p2yhgCPW,a,2455792285,tellus semper,3995870732
lkoenraadpc,Lilith Koenraad,IeVbkO41,cum,5258611485,in lectus,6724300487
cpunterpd,Chickie Punter,VpwZ8hv8,velit,2075667128,in ante,7860653311
thusbandpe,Tiphani Husband,uAEiyy5H,nulla,3755919389,semper,5888578800
fkaesmakerspf,Ferdinand Kaesmakers,mguVE1mG,sem fusce,3221977387,lacinia sapien,7991391744
atomkyspg,Anne-corinne Tomkys,LrTw6IJ1,tristique,1261092651,diam,7549462380
kalevequeph,Karalee Aleveque,76zsWptB,id nisl,2822408750,ante vivamus,1221761617
ajamespi,Amalie James,Wsw9qd1G,diam,9265123362,justo,1126856126
kjamiesonpj,Kinsley Jamieson,PYRw5GK4,a,8297281280,a suscipit,0639400248
bhurchpk,Bart Hurch,btZ2F3FF,a,8370465374,quam turpis,9003576084
mhurlerpl,Marcy Hurler,PnKsFJ5M,nisl,3597527841,nam congue,0428580254
cmcglaudpm,Cicily McGlaud,rHa3mGr6,quis turpis,6686879932,amet,8424999479
epetranpn,Eric Petran,zO1aq5iS,id,1203137729,amet,2979866024
egorgespo,Ernestus Gorges,lPkp5Uj0,ac est,4927487083,pede ullamcorper,5420045591
ftemplepp,Ferd Temple,vIXAZ1aF,vulputate,9825961457,eu,3187324495
tgrasserpq,Tarrah Grasser,t2XoCVlF,ante,7617542569,lectus vestibulum,2370417234
yoattespr,Ynez Oattes,1QZ4bLnr,in,4211185764,sapien,9787323339
abradyps,Araldo Brady,sZHmpOc5,magna,4240226775,viverra,3185136705
ghugnotpt,Glen Hugnot,Rhfo5oeq,eros,6635693912,malesuada,5676956402
hcrombleholmepu,Halsy Crombleholme,On5dj54m,proin,2805760719,congue,6431040910
apancoastpv,Alvinia Pancoast,UFezheo1,orci eget,5443279181,est quam,0457570814
gmuddimerpw,Gaylene Muddimer,UkaGelt5,massa,6823099704,vestibulum,1984890689
cdiamentpx,Conroy Diament,EfsPp13L,velit,5591635377,praesent lectus,8709086536
amyrtlepy,Alina Myrtle,SuFCkg6M,phasellus,9817462897,accumsan felis,5984100649
ehoworthpz,Ephrem Howorth,UP95a0OE,odio,5998911563,erat,8146468438
nwakehamq0,Nerti Wakeham,gJMqK8q9,odio,6761800315,odio,9940647956
egraalmanq1,Enrica Graalman,Vr50Ad80,sociis,9098033113,ac est,8764782700
bshemeltq2,Billye Shemelt,Hv749UiI,consequat morbi,5256324721,integer pede,2938490151
gdavenhallq3,Greta Davenhall,s1cxAYhe,congue etiam,2878734475,ultrices libero,6835051469
tbrinsdenq4,Talbot Brinsden,6GJXNPmL,lobortis,2170733221,pede,4260346385
tfellgateq5,Tracey Fellgate,4Q6lxeha,non,7253130081,eros vestibulum,2242931539
lvealq6,Lemar Veal,eW5i2I9L,vivamus,1158634250,nibh fusce,2433500389
jcodnerq7,Jeremiah Codner,IBJm4aUC,pede,7969723330,bibendum imperdiet,3486500791
askainq8,Adriane Skain,0eQ5eb5t,in,9184412658,quis,6823912006
cseedhouseq9,Charlton Seedhouse,nVvy5GHc,ut,0365613274,auctor sed,3970923654
jdruryqa,Josefa Drury,8v45I21g,sapien,3910641032,ipsum,1930209274
vladdqb,Venus Ladd,83iJBsOQ,non interdum,3067530950,etiam,4845128136
aconradqc,Aileen Conrad,pdb3ZmWZ,in sapien,1574613847,metus,2185932756
mgreatbankqd,Martie Greatbank,cLD9DeG5,eget elit,4833645319,duis,3404819713
msnibsonqe,Mickie Snibson,kn2iE70O,rutrum ac,3223435484,orci,7369139700
fmccraeqf,Findlay McCrae,BjzP4Z49,eget orci,7736456801,amet consectetuer,7989448459
erandqg,Emmye Rand,v9ZfQQs5,lectus pellentesque,4455720189,metus arcu,8217188858
jlavertyqh,Jonah Laverty,Jxpux21T,ipsum praesent,5757178639,vestibulum eget,0941907236
njuschkaqi,Nata Juschka,TRd3A9lS,tempor turpis,7475697436,feugiat,6159401203
aruttyqj,Aida Rutty,dZ2ejHxl,pellentesque,9410711339,non mattis,3221535724
plobleyqk,Philippa Lobley,TYSXlh1E,ultrices mattis,6070705386,nibh,9578540086
sronanql,Shep Ronan,146TFqBc,sem sed,7795583008,sociis natoque,5582941983
groafqm,Gregg Roaf,k1YyJrr6,maecenas,5348912026,odio condimentum,3588330941
abuerqn,Alva Buer,5nlGi30i,et,2921118394,lacus purus,9930820167
dkibbleqo,Darrell Kibble,0RtjELc7,gravida,1760898627,est,9002236042
sdrewittqp,Staford Drewitt,cxZYf4JT,eget rutrum,3289608085,amet consectetuer,3388577056
lliverqq,Leora Liver,J0d4kRoR,posuere nonummy,7088131803,donec,4194949897
cmoyceqr,Costanza Moyce,lxgqxYV8,congue eget,5511906158,tristique fusce,6757093650
dbodiamqs,Doti Bodiam,9vol7tDx,mauris,3787483071,accumsan,5851441437
ckuhnqt,Chloris Kuhn,y0SRZRGo,in,1912607506,in,3456176643
gminkerqu,Giselbert Minker,Y1hZZP8l,pede,5847385730,ipsum,5585529080
tparrishqv,Talia Parrish,M7DzXViA,sapien quis,3212443634,parturient,6603318768
mitscowiczqw,Miriam Itscowicz,QV4jL8DD,amet consectetuer,7363225311,velit,6782231913
bhillamqx,Barbee Hillam,43vKuZSR,enim,3443173381,turpis,9393515972
tchaveqy,Tades Chave,Vf98B2Rr,eget,1136976825,lacus purus,8716315405
etwiddyqz,Erica Twiddy,YxdR4C4p,pellentesque,5130708482,erat,9689191624
fpfefferr0,Foss Pfeffer,kSFeO2hu,posuere metus,2174296799,id,9408923758
afritterr1,Artur Fritter,LxngxT74,tellus,5626035419,cras non,0464107377
edwightr2,Etienne Dwight,LLIUP0oP,nec dui,9749692993,elit,0535721560
carbuckelr3,Correy Arbuckel,KH7l6Wd0,erat fermentum,8984965901,aenean auctor,2302905849
ttoursr4,Tedda Tours,yP56nhOQ,purus phasellus,7828608179,tortor,8769381062
csoror5,Caroline Soro,DoBEBn4N,gravida sem,1797748610,at nunc,7422354607
bwadlowr6,Brit Wadlow,l841K6wM,metus,3582698971,pede,4126518665
gcraddockr7,Gherardo Craddock,dg9dZ6hR,duis at,8654671785,commodo vulputate,0957033214
mfayermanr8,Maynord Fayerman,c9JGyiVv,nulla,3359632850,odio porttitor,4348096201
rantrackr9,Rhea Antrack,uY8p7qfT,augue vestibulum,2911763394,vel augue,5670341791
kloughrenra,Katinka Loughren,QVg0vbbb,et ultrices,0069279217,pretium,1704519977
mbucknallrb,Malvin Bucknall,d5iLRA4C,vestibulum proin,2878503287,etiam vel,6384921448
cbonsonrc,Cointon Bonson,YzLv5P7p,eu orci,4985543675,commodo vulputate,7332974916
mdidsburyrd,Mavis Didsbury,dVr6mRHc,platea dictumst,9082434873,consequat nulla,4595697120
kcraytonre,Katine Crayton,8H6V28sJ,imperdiet,0136952755,in felis,6563462103
gblaskettrf,Gran Blaskett,YmO6rWJN,nisl,0500157650,eget,3014964697
mrentilllrg,Mikkel Rentilll,1y0m2nzH,lorem,8207322632,morbi a,5643826690
doreaganrh,Devina O'Reagan,aDd14lR0,adipiscing,1383184976,suspendisse ornare,4343630196
cethersonri,Celene Etherson,Ql9p2UgI,semper sapien,9465569666,aliquam,8989917867
jcowleyrj,Jill Cowley,fjP3ssFC,augue quam,0153571160,ipsum aliquam,8361591362
hwattrk,Hew Watt,3xUme5Qs,enim,6963144834,ante vivamus,7296667435
ekilroyrl,Elga Kilroy,DM2b61b9,nibh ligula,8170738377,eu,3103511450
skitcherrm,Shellie Kitcher,bsG0zJks,nisl,4871772861,velit,2547900246
dtrussmanrn,Daren Trussman,IHi7ORLj,erat,5712656396,justo nec,8278064989
tfrancero,Tull France,A6hLIANs,imperdiet,1321022204,convallis,4625339480
sbrattellrp,Sigfried Brattell,Ny4Fsqlh,curae duis,1420481991,eu pede,6811069503
phensrq,Polly Hens,ovI2d507,ut,9492073919,non mi,3068704820
dkeherrr,Dahlia Keher,Jb4sr48v,habitasse platea,0653783582,tincidunt in,3307019783
